NajiBox for Android 1.0.0 (5)
Date: 2026-07-13 01:55:42.757 UTC

OS_VERSION: 6.1.138-android14-11-g44bda9e8f6e9-ab13792638
SDK_INT: 36
RELEASE: 16
ID: BP2A.250605.031.A3
DISPLAY: BP2A.250605.031.A3
INCREMENTAL: OS3.0.8.0.WNLMIXM
SECURITY_PATCH: 2026-04-01
IS_DEBUGGABLE: null
IS_EMULATOR: null
IS_TREBLE_ENABLED: true
TYPE: user
TAGS: release-keys

MANUFACTURER: Xiaomi
BRAND: POCO
MODEL: 2311DRK48G
PRODUCT: duchamp_global
BOARD: duchamp
HARDWARE: mt6897
DEVICE: duchamp
SUPPORTED_ABIS: arm64-v8a

Settings: 

mixedPort: 2080
isAutoConnect: false
serviceMode: vpn
tunImplementation: 0
mtu: 9000
speedInterval: 1000
profileTrafficStatistics: true
showDirectSpeed: true
showGroupInNotification: false
alwaysShowAddress: false
meteredNetwork: false
acquireWakeLock: false
logLevel: 0
proxyApps: false
bypassLan: false
bypassLanInCore: false
trafficSniffing: 1
resolveDestination: false
ipv6Mode: 0
rulesProvider: 0
remoteDns: https://dns.google/dns-query
domain_strategy_for_remote: auto
directDns: https://223.5.5.5/dns-query
domain_strategy_for_direct: auto
domain_strategy_for_server: auto
enableDnsRouting: true
enableFakeDns: true
appendHttpProxy: false
allowAccess: false
connectionTestURL: https://www.gstatic.com/generate_204
enableClashAPI: false
networkChangeResetConnections: true
wakeResetConnections: false
globalAllowInsecure: false
allowInsecureOnRequest: false
appTLSVersion: 1.2
nightTheme: 2
showBottomBar: true
appLanguage: en
profileId: 77
profileCurrent: 77
profileGroup: 1

Logcat: 

--------- beginning of crash
07-12 02:36:32.433 18418 18418 E AndroidRuntime: FATAL EXCEPTION: main
07-12 02:36:32.433 18418 18418 E AndroidRuntime: Process: io.najishab.najibox, PID: 18418
07-12 02:36:32.433 18418 18418 E AndroidRuntime: java.lang.NullPointerException: Attempt to invoke virtual method 'void com.google.android.material.progressindicator.BaseProgressIndicator.hide()' on a null object reference
07-12 02:36:32.433 18418 18418 E AndroidRuntime: 	at io.najishab.najibox.widget.ServiceButton.hideProgress(SourceFile:15)
07-12 02:36:32.433 18418 18418 E AndroidRuntime: 	at io.najishab.najibox.widget.ServiceButton.access$hideProgress(SourceFile:1)
07-12 02:36:32.433 18418 18418 E AndroidRuntime: 	at io.najishab.najibox.widget.ServiceButton$AnimatedState._init_$lambda$0(SourceFile:1)
07-12 02:36:32.433 18418 18418 E AndroidRuntime: 	at io.najishab.najibox.widget.ServiceButton$AnimatedState.$r8$lambda$-rwlyOddXNka2EFSbusNs1ZLFh8(SourceFile:1)
07-12 02:36:32.433 18418 18418 E AndroidRuntime: 	at io.najishab.najibox.widget.ServiceButton$$ExternalSyntheticLambda6.invoke(SourceFile:1)
07-12 02:36:32.433 18418 18418 E AndroidRuntime: 	at io.najishab.najibox.widget.ServiceButton$AnimatedState.start(SourceFile:24)
07-12 02:36:32.433 18418 18418 E AndroidRuntime: 	at io.najishab.najibox.widget.ServiceButton.changeState(SourceFile:22)
07-12 02:36:32.433 18418 18418 E AndroidRuntime: 	at io.najishab.najibox.widget.ServiceButton.changeState(SourceFile:2)
07-12 02:36:32.433 18418 18418 E AndroidRuntime: 	at io.najishab.najibox.ui.ConfigurationFragment.changeState(SourceFile:10)
07-12 02:36:32.433 18418 18418 E AndroidRuntime: 	at io.najishab.najibox.ui.ConfigurationFragment.onViewCreated(SourceFile:290)
07-12 02:36:32.433 18418 18418 E AndroidRuntime: 	at androidx.fragment.app.Fragment.performViewCreated(SourceFile:5)
07-12 02:36:32.433 18418 18418 E AndroidRuntime: 	at androidx.fragment.app.FragmentStateManager.createView(SourceFile:255)
07-12 02:36:32.433 18418 18418 E AndroidRuntime: 	at androidx.fragment.app.FragmentStateManager.moveToExpectedState(SourceFile:201)
07-12 02:36:32.433 18418 18418 E AndroidRuntime: 	at androidx.fragment.app.FragmentManager.executeOpsTogether(SourceFile:997)
07-12 02:36:32.433 18418 18418 E AndroidRuntime: 	at androidx.fragment.app.FragmentManager.removeRedundantOperationsAndExecute(SourceFile:82)
07-12 02:36:32.433 18418 18418 E AndroidRuntime: 	at androidx.fragment.app.FragmentManager.execPendingActions(SourceFile:79)
07-12 02:36:32.433 18418 18418 E AndroidRuntime: 	at androidx.fragment.app.FragmentManager.dispatchStateChange(SourceFile:67)
07-12 02:36:32.433 18418 18418 E AndroidRuntime: 	at androidx.fragment.app.FragmentActivity.onStart(SourceFile:34)
07-12 02:36:32.433 18418 18418 E AndroidRuntime: 	at androidx.appcompat.app.AppCompatActivity.onStart(SourceFile:1)
07-12 02:36:32.433 18418 18418 E AndroidRuntime: 	at io.najishab.najibox.ui.MainActivity.onStart(SourceFile:7)
07-12 02:36:32.433 18418 18418 E AndroidRuntime: 	at android.app.Instrumentation.callActivityOnStart(Instrumentation.java:1712)
07-12 02:36:32.433 18418 18418 E AndroidRuntime: 	at android.app.Activity.performStart(Activity.java:9430)
07-12 02:36:32.433 18418 18418 E AndroidRuntime: 	at android.app.ActivityThread.handleStartActivity(ActivityThread.java:4728)
07-12 02:36:32.433 18418 18418 E AndroidRuntime: 	at android.app.servertransaction.TransactionExecutor.performLifecycleSequence(TransactionExecutor.java:217)
07-12 02:36:32.433 18418 18418 E AndroidRuntime: 	at android.app.servertransaction.TransactionExecutor.cycleToPath(TransactionExecutor.java:197)
07-12 02:36:32.433 18418 18418 E AndroidRuntime: 	at android.app.servertransaction.TransactionExecutor.executeLifecycleItem(TransactionExecutor.java:169)
07-12 02:36:32.433 18418 18418 E AndroidRuntime: 	at android.app.servertransaction.TransactionExecutor.executeTransactionItems(TransactionExecutor.java:104)
07-12 02:36:32.433 18418 18418 E AndroidRuntime: 	at android.app.servertransaction.TransactionExecutor.execute(TransactionExecutor.java:83)
07-12 02:36:32.433 18418 18418 E AndroidRuntime: 	at android.app.ActivityThread$H.handleMessage(ActivityThread.java:3085)
07-12 02:36:32.433 18418 18418 E AndroidRuntime: 	at android.os.Handler.dispatchMessage(Handler.java:110)
07-12 02:36:32.433 18418 18418 E AndroidRuntime: 	at android.os.Looper.loopOnce(Looper.java:267)
07-12 02:36:32.433 18418 18418 E AndroidRuntime: 	at android.os.Looper.loop(Looper.java:360)
07-12 02:36:32.433 18418 18418 E AndroidRuntime: 	at android.app.ActivityThread.main(ActivityThread.java:10054)
07-12 02:36:32.433 18418 18418 E AndroidRuntime: 	at java.lang.reflect.Method.invoke(Native Method)
07-12 02:36:32.433 18418 18418 E AndroidRuntime: 	at com.android.internal.os.RuntimeInit$MethodAndArgsCaller.run(RuntimeInit.java:616)
07-12 02:36:32.433 18418 18418 E AndroidRuntime: 	at com.android.internal.os.ZygoteInit.main(ZygoteInit.java:1115)
--------- beginning of system
07-13 04:19:47.366  4291  4291 I ForceDarkHelperStubImpl: setViewRootImplForceDark: false for io.najishab.najibox.ui.profile.WireGuardSettingsActivity@911f78d, reason: AppDarkModeEnable
07-13 04:19:47.381  4291  4291 D MiuiCameraCoveredManager: java.lang.NullPointerException: Attempt to invoke virtual method 'java.lang.String android.provider.MiuiSettings$SettingsCloudData$CloudData.getString(java.lang.String, java.lang.String)' on a null object reference
07-13 04:19:49.616  4291  4291 D VRI[WireGuardSettingsActivity]: getMiuiFreeformStackInfo mTmpFrames.miuiFreeFormStackInfo: null
07-13 04:19:49.710  4291  4291 D DecorViewImmersiveImpl: onDetachedFromWindow
07-13 04:19:50.176  4291  4291 D VRI[WireGuardSettingsActivity]: getMiuiFreeformStackInfo mTmpFrames.miuiFreeFormStackInfo: null
07-13 04:19:50.256  4291  4291 I ForceDarkHelperStubImpl: setViewRootImplForceDark: false for io.najishab.najibox.ui.MainActivity@9439193, reason: AppDarkModeEnable
07-13 04:19:50.262  4291  4291 D Activity: Activity = ActivityInfo{629d494 io.najishab.najibox.ui.MainActivity}, Resume onConfigurationChanged = {1.0 432mcc11mnc [en,en_US] ldltr sw407dp w407dp h904dp 480dpi nrml long widecg port finger -keyb/v/h -nav/h winConfig={ mBounds=Rect(0, 0 - 1220, 2712) mAppBounds=Rect(0, 0 - 1220, 2712) mMaxBounds=Rect(0, 0 - 1220, 2712) mDisplayRotation=ROTATION_0 mWindowingMode=fullscreen mActivityType=standard mAlwaysOnTop=undefined mRotation=ROTATION_0 mInSplitScreen=false letterBoxed=false foScaled=false isSpecificEmbedded=false embeddingScale=1.0} s.2 fontWeightAdjustment=0/d/0 themeChanged=0 themeChangedFlags=0 display=0 extraData = Bundle[{}] screenType=0/0}
07-13 04:19:50.870  4291  4291 D DecorViewImmersiveImpl: onDetachedFromWindow
07-13 04:19:51.193  4291  4291 D VRI[MainActivity]: getMiuiFreeformStackInfo mTmpFrames.miuiFreeFormStackInfo: null
07-13 04:19:52.186  4291  4291 D VRI[MainActivity]: getMiuiFreeformStackInfo mTmpFrames.miuiFreeFormStackInfo: null
07-13 04:19:55.257  4291 10787 W BpBinder: PerfMonitor binderTransact: time=3005ms interface=io.najishab.najibox.aidl.ISagerNetService code=5
07-13 04:19:57.604  4291  4291 D VRI[MainActivity]: getMiuiFreeformStackInfo mTmpFrames.miuiFreeFormStackInfo: null
07-13 04:19:58.760  4291  4291 D VRI[MainActivity]: getMiuiFreeformStackInfo mTmpFrames.miuiFreeFormStackInfo: null
07-13 04:20:00.684  4291 12481 W BpBinder: PerfMonitor binderTransact: time=3011ms interface=io.najishab.najibox.aidl.ISagerNetService code=5
07-13 04:20:01.841  4291  4291 D VRI[MainActivity]: getMiuiFreeformStackInfo mTmpFrames.miuiFreeFormStackInfo: null
07-13 04:20:10.691  4291  4291 I ForceDarkHelperStubImpl: setViewRootImplForceDark: false for io.najishab.najibox.ui.MainActivity@9439193, reason: AppDarkModeEnable
07-13 04:20:10.704  4291  4291 D Activity: Activity = ActivityInfo{629d494 io.najishab.najibox.ui.MainActivity}, Resume onConfigurationChanged = {1.0 432mcc11mnc [en,en_US] ldltr sw407dp w407dp h904dp 480dpi nrml long widecg port finger -keyb/v/h -nav/h winConfig={ mBounds=Rect(0, 0 - 1220, 2712) mAppBounds=Rect(0, 0 - 1220, 2712) mMaxBounds=Rect(0, 0 - 1220, 2712) mDisplayRotation=ROTATION_0 mWindowingMode=fullscreen mActivityType=standard mAlwaysOnTop=undefined mRotation=ROTATION_0 mInSplitScreen=false letterBoxed=false foScaled=false isSpecificEmbedded=false embeddingScale=1.0} s.2 fontWeightAdjustment=0/d/0 themeChanged=0 themeChangedFlags=0 display=0 extraData = Bundle[{}] screenType=0/0}
07-13 04:20:11.453  4291  4291 D VRI[MainActivity]: getMiuiFreeformStackInfo mTmpFrames.miuiFreeFormStackInfo: null
07-13 04:20:12.268  4291  4291 D VRI[MainActivity]: getMiuiFreeformStackInfo mTmpFrames.miuiFreeFormStackInfo: null
07-13 04:20:12.377  4291 10771 I ActivityThread: HardwareRenderer preload  done
07-13 04:20:12.379  4291  4291 V Resources: Updating configuration, with default locale en-US and selected locales [en, en-US]
07-13 04:20:12.387  4291  4291 D Activity: Activity = ActivityInfo{cfb1ea0 io.najishab.najibox.ui.profile.WireGuardSettingsActivity}, Resume onConfigurationChanged = {1.0 432mcc11mnc [en,en_US] ldltr sw407dp w407dp h904dp 480dpi nrml long widecg port finger -keyb/v/h -nav/h winConfig={ mBounds=Rect(0, 0 - 1220, 2712) mAppBounds=Rect(0, 0 - 1220, 2712) mMaxBounds=Rect(0, 0 - 1220, 2712) mDisplayRotation=ROTATION_0 mWindowingMode=fullscreen mActivityType=standard mAlwaysOnTop=undefined mRotation=ROTATION_0 mInSplitScreen=false letterBoxed=false foScaled=false isSpecificEmbedded=false embeddingScale=1.0} s.2 fontWeightAdjustment=0/d/0 themeChanged=0 themeChangedFlags=0 display=0 extraData = Bundle[{}] screenType=0/0}
07-13 04:20:12.389  4291  4291 D MiuiCameraCoveredManager: java.lang.NullPointerException: Attempt to invoke virtual method 'java.lang.String android.provider.MiuiSettings$SettingsCloudData$CloudData.getString(java.lang.String, java.lang.String)' on a null object reference
07-13 04:20:12.390  4291  4291 I ForceDarkHelperStubImpl: setViewRootImplForceDark: false for io.najishab.najibox.ui.profile.WireGuardSettingsActivity@9e6f0b1, reason: AppDarkModeEnable
07-13 04:20:12.451  4291  4291 D VRI[WireGuardSettingsActivity]: getMiuiFreeformStackInfo mTmpFrames.miuiFreeFormStackInfo: null
07-13 04:20:13.214  4291  4291 D VRI[WireGuardSettingsActivity]: getMiuiFreeformStackInfo mTmpFrames.miuiFreeFormStackInfo: null
07-13 04:20:13.302  4291  4291 D MiuiCameraCoveredManager: java.lang.NullPointerException: Attempt to invoke virtual method 'java.lang.String android.provider.MiuiSettings$SettingsCloudData$CloudData.getString(java.lang.String, java.lang.String)' on a null object reference
07-13 04:20:13.302  4291  4291 I ForceDarkHelperStubImpl: setViewRootImplForceDark: false for io.najishab.najibox.ui.profile.WireGuardSettingsActivity@9e6f0b1, reason: AppDarkModeEnable
07-13 04:20:13.303  4291  4291 D InsetsController: Setting requestedVisibleTypes to -1 (was -9)
07-13 04:20:13.350  4291  4291 I ForceDarkHelperStubImpl: setViewRootImplForceDark: false for io.najishab.najibox.ui.profile.WireGuardSettingsActivity@9e6f0b1, reason: AppDarkModeEnable
07-13 04:20:13.923  4291  4291 D VRI[WireGuardSettingsActivity]: getMiuiFreeformStackInfo mTmpFrames.miuiFreeFormStackInfo: null
07-13 04:20:14.029  4291  4291 D MiuiCameraCoveredManager: java.lang.NullPointerException: Attempt to invoke virtual method 'java.lang.String android.provider.MiuiSettings$SettingsCloudData$CloudData.getString(java.lang.String, java.lang.String)' on a null object reference
07-13 04:20:14.029  4291  4291 I ForceDarkHelperStubImpl: setViewRootImplForceDark: false for io.najishab.najibox.ui.profile.WireGuardSettingsActivity@9e6f0b1, reason: AppDarkModeEnable
07-13 04:20:14.055  4291  4291 I ForceDarkHelperStubImpl: setViewRootImplForceDark: false for io.najishab.najibox.ui.profile.WireGuardSettingsActivity@9e6f0b1, reason: AppDarkModeEnable
07-13 04:20:14.111  4291  4291 D VRI[PopupWindow:3e9]: getMiuiFreeformStackInfo mTmpFrames.miuiFreeFormStackInfo: null
07-13 04:20:14.178  4291  4291 D VRI[WireGuardSettingsActivity]: getMiuiFreeformStackInfo mTmpFrames.miuiFreeFormStackInfo: null
07-13 04:20:14.241  4291  4291 V Resources: Updating configuration, with default locale en-US and selected locales [en, en-US]
07-13 04:20:14.281  4291  4291 V Resources: Updating configuration, with default locale en-US and selected locales [en, en-US]
07-13 04:20:14.285  4291  4291 V Resources: Updating configuration, with default locale en-US and selected locales [en, en-US]
07-13 04:20:14.288  4291  4291 V Resources: Updating configuration, with default locale en-US and selected locales [en, en-US]
07-13 04:20:14.289  4291  4291 V Resources: Updating configuration, with default locale en-US and selected locales [en, en-US]
07-13 04:20:14.291  4291  4291 V Resources: Updating configuration, with default locale en-US and selected locales [en, en-US]
07-13 04:20:14.292  4291  4291 V Resources: Updating configuration, with default locale en-US and selected locales [en, en-US]
07-13 04:20:14.294  4291  4291 V Resources: Updating configuration, with default locale en-US and selected locales [en, en-US]
07-13 04:20:14.296  4291  4291 V Resources: Updating configuration, with default locale en-US and selected locales [en, en-US]
07-13 04:20:14.297  4291  4291 V Resources: Updating configuration, with default locale en-US and selected locales [en, en-US]
07-13 04:20:14.298  4291  4291 V Resources: Updating configuration, with default locale en-US and selected locales [en, en-US]
07-13 04:20:14.302  4291  4291 V Resources: Updating configuration, with default locale en-US and selected locales [en, en-US]
07-13 04:20:14.305  4291  4291 I MiResource: invalid cookie from nativeGetResourceValue, cookie = -1, origValue = TypedValue{t=0x3/d=0x2435b "Share" a=1 r=0x1040a9d}, value =TypedValue{t=0x3/d=0x2435b "Share" a=1 r=0x1040a9d}
07-13 04:20:14.305  4291  4291 I MiResource: got NFE for resource ID #0x7f0c0018(2131492888) , isResourceCached = true
07-13 04:20:14.306  4291  4291 W MiResource: Dump android.content.res.MiuiResources@cc3c84e
07-13 04:20:14.306  4291  4291 W MiResource: Dump class=class android.content.res.MiuiResources
07-13 04:20:14.306  4291  4291 W MiResource: Dump resourcesImpl
07-13 04:20:14.306  4291  4291 W MiResource: Dump   class=class android.content.res.MiuiResourcesImpl
07-13 04:20:14.306  4291  4291 W MiResource: Dump   assets
07-13 04:20:14.306  4291  4291 W MiResource: Dump     class=class android.content.res.AssetManager
07-13 04:20:14.306  4291  4291 W MiResource: Dump     apkAssets=
07-13 04:20:14.306  4291  4291 W MiResource: Dump     0
07-13 04:20:14.306  4291  4291 W MiResource: Dump       class=class android.content.res.ApkAssets
07-13 04:20:14.306  4291  4291 W MiResource: Dump       debugName=/system/framework/framework-res.apk
07-13 04:20:14.306  4291  4291 W MiResource: Dump       assetPath=/system/framework/framework-res.apk
07-13 04:20:14.306  4291  4291 W MiResource: Dump     1
07-13 04:20:14.306  4291  4291 W MiResource: Dump       class=class android.content.res.ApkAssets
07-13 04:20:14.306  4291  4291 W MiResource: Dump       debugName=/vendor/overlay/FrameworkResOverlay/FrameworkResOverlay.apk
07-13 04:20:14.306  4291  4291 W MiResource: Dump       assetPath=/vendor/overlay/FrameworkResOverlay/FrameworkResOverlay.apk
07-13 04:20:14.306  4291  4291 W MiResource: Dump     2
07-13 04:20:14.306  4291  4291 W MiResource: Dump       class=class android.content.res.ApkAssets
07-13 04:20:14.306  4291  4291 W MiResource: Dump       debugName=/vendor/overlay/FrameworkResOverlayExt/FrameworkResOverlayExt.apk
07-13 04:20:14.306  4291  4291 W MiResource: Dump       assetPath=/vendor/overlay/FrameworkResOverlayExt/FrameworkResOverlayExt.apk
07-13 04:20:14.306  4291  4291 W MiResource: Dump     3
07-13 04:20:14.306  4291  4291 W MiResource: Dump       class=class android.content.res.ApkAssets
07-13 04:20:14.306  4291  4291 W MiResource: Dump       debugName=/product/overlay/CaptivePortalLoginFrameworkOverlay.apk
07-13 04:20:14.306  4291  4291 W MiResource: Dump       assetPath=/product/overlay/CaptivePortalLoginFrameworkOverlay.apk
07-13 04:20:14.306  4291  4291 W MiResource: Dump     4
07-13 04:20:14.306  4291  4291 W MiResource: Dump       class=class android.content.res.ApkAssets
07-13 04:20:14.306  4291  4291 W MiResource: Dump       debugName=/product/overlay/CircleToSearchOverlay.apk
07-13 04:20:14.306  4291  4291 W MiResource: Dump       assetPath=/product/overlay/CircleToSearchOverlay.apk
07-13 04:20:14.306  4291  4291 W MiResource: Dump     5
07-13 04:20:14.306  4291  4291 W MiResource: Dump       class=class android.content.res.ApkAssets
07-13 04:20:14.306  4291  4291 W MiResource: Dump       debugName=/product/overlay/GmsConfigOverlayASI_Infrastructure.apk
07-13 04:20:14.306  4291  4291 W MiResource: Dump       assetPath=/product/overlay/GmsConfigOverlayASI_Infrastructure.apk
07-13 04:20:14.306  4291  4291 W MiResource: Dump     6
07-13 04:20:14.306  4291  4291 W MiResource: Dump       class=class android.content.res.ApkAssets
07-13 04:20:14.306  4291  4291 W MiResource: Dump       debugName=/product/overlay/GmsConfigOverlayCommon.apk
07-13 04:20:14.306  4291  4291 W MiResource: Dump       assetPath=/product/overlay/GmsConfigOverlayCommon.apk
07-13 04:20:14.306  4291  4291 W MiResource: Dump     7
07-13 04:20:14.306  4291  4291 W MiResource: Dump       class=class android.content.res.ApkAssets
07-13 04:20:14.306  4291  4291 W MiResource: Dump       debugName=/product/overlay/GmsConfigOverlayComms.apk
07-13 04:20:14.306  4291  4291 W MiResource: Dump       assetPath=/product/overlay/GmsConfigOverlayComms.apk
07-13 04:20:14.306  4291  4291 W MiResource: Dump     8
07-13 04:20:14.306  4291  4291 W MiResource: Dump       class=class android.content.res.ApkAssets
07-13 04:20:14.306  4291  4291 W MiResource: Dump       debugName=/product/overlay/GmsConfigOverlayGSA.apk
07-13 04:20:14.306  4291  4291 W MiResource: Dump       assetPath=/product/overlay/GmsConfigOverlayGSA.apk
07-13 04:20:14.306  4291  4291 W MiResource: Dump     9
07-13 04:20:14.306  4291  4291 W MiResource: Dump       class=class android.content.res.ApkAssets
07-13 04:20:14.306  4291  4291 W MiResource: Dump       debugName=/product/overlay/GmsConfigOverlayGeotz.apk
07-13 04:20:14.306  4291  4291 W MiResource: Dump       assetPath=/product/overlay/GmsConfigOverlayGeotz.apk
07-13 04:20:14.306  4291  4291 W MiResource: Dump     10
07-13 04:20:14.306  4291  4291 W MiResource: Dump       class=class android.content.res.ApkAssets
07-13 04:20:14.306  4291  4291 W MiResource: Dump       debugName=/product/overlay/GmsConfigOverlayPersonalSafety.apk
07-13 04:20:14.306  4291  4291 W MiResource: Dump       assetPath=/product/overlay/GmsConfigOverlayPersonalSafety.apk
07-13 04:20:14.306  4291  4291 W MiResource: Dump     11
07-13 04:20:14.306  4291  4291 W MiResource: Dump       class=class android.content.res.ApkAssets
07-13 04:20:14.306  4291  4291 W MiResource: Dump       debugName=/product/overlay/GmsConfigOverlayPhotos.apk
07-13 04:20:14.306  4291  4291 W MiResource: Dump       assetPath=/product/overlay/GmsConfigOverlayPhotos.apk
07-13 04:20:14.306  4291  4291 W MiResource: Dump     12
07-13 04:20:14.306  4291  4291 W MiResource: Dump       class=class android.content.res.ApkAssets
07-13 04:20:14.306  4291  4291 W MiResource: Dump       debugName=/product/overlay/GoogleExtServicesConfigOverlay.apk
07-13 04:20:14.306  4291  4291 W MiResource: Dump       assetPath=/product/overlay/GoogleExtServicesConfigOverlay.apk
07-13 04:20:14.306  4291  4291 W MiResource: Dump     13
07-13 04:20:14.306  4291  4291 W MiResource: Dump       class=class android.content.res.ApkAssets
07-13 04:20:14.306  4291  4291 W MiResource: Dump       debugName=/product/overlay/GoogleHealthFitnessFrameworkOverlay.apk
07-13 04:20:14.306  4291  4291 W MiResource: Dump       assetPath=/product/overlay/GoogleHealthFitnessFrameworkOverlay.apk
07-13 04:20:14.306  4291  4291 W MiResource: Dump     14
07-13 04:20:14.306  4291  4291 W MiResource: Dump       class=class android.content.res.ApkAssets
07-13 04:20:14.306  4291  4291 W MiResource: Dump       debugName=/product/overlay/GooglePermissionControllerFrameworkOverlay.apk
07-13 04:20:14.306  4291  4291 W MiResource: Dump       assetPath=/product/overlay/GooglePermissionControllerFrameworkOverlay.apk
07-13 04:20:14.306  4291  4291 W MiResource: Dump     15
07-13 04:20:14.306  4291  4291 W MiResource: Dump       class=class android.content.res.ApkAssets
07-13 04:20:14.306  4291  4291 W MiResource: Dump       debugName=/product/overlay/MiuiServiceOverlay/MiuiServiceOverlay.apk
07-13 04:20:14.306  4291  4291 W MiResource: Dump       assetPath=/product/overlay/MiuiServiceOverlay/MiuiServiceOverlay.apk
07-13 04:20:14.306  4291  4291 W MiResource: Dump     16
07-13 04:20:14.306  4291  4291 W MiResource: Dump       class=class android.content.res.ApkAssets
07-13 04:20:14.306  4291  4291 W MiResource: Dump       debugName=/product/overlay/ModuleMetadataGoogleOverlay.apk
07-13 04:20:14.306  4291  4291 W MiResource: Dump       assetPath=/product/overlay/ModuleMetadataGoogleOverlay.apk
07-13 04:20:14.306  4291  4291 W MiResource: Dump     17
07-13 04:20:14.306  4291  4291 W MiResource: Dump       class=class android.content.res.ApkAssets
07-13 04:20:14.306  4291  4291 W MiResource: Dump       debugName=/product/overlay/framework-res__nosdcard__auto_generated_characteristics_rro.apk
07-13 04:20:14.306  4291  4291 W MiResource: Dump       assetPath=/product/overlay/framework-res__nosdcard__auto_generated_characteristics_rro.apk
07-13 04:20:14.306  4291  4291 W MiResource: Dump     18
07-13 04:20:14.306  4291  4291 W MiResource: Dump       class=class android.content.res.ApkAssets
07-13 04:20:14.306  4291  4291 W MiResource: Dump       debugName=/product/overlay/MiuiPocoLauncherResOverlay.apk
07-13 04:20:14.306  4291  4291 W MiResource: Dump       assetPath=/product/overlay/MiuiPocoLauncherResOverlay.apk
07-13 04:20:14.306  4291  4291 W MiResource: Dump     19
07-13 04:20:14.306  4291  4291 W MiResource: Dump       class=class android.content.res.ApkAssets
07-13 04:20:14.306  4291  4291 W MiResource: Dump       debugName=/product/overlay/AospFrameworkResOverlay.apk
07-13 04:20:14.306  4291  4291 W MiResource: Dump       assetPath=/product/overlay/AospFrameworkResOverlay.apk
07-13 04:20:14.306  4291  4291 W MiResource: Dump     20
07-13 04:20:14.306  4291  4291 W MiResource: Dump       class=class android.content.res.ApkAssets
07-13 04:20:14.306  4291  4291 W MiResource: Dump       debugName=/product/overlay/DevicesAndroidOverlay.apk
07-13 04:20:14.306  4291  4291 W MiResource: Dump       assetPath=/product/overlay/DevicesAndroidOverlay.apk
07-13 04:20:14.306  4291  4291 W MiResource: Dump     21
07-13 04:20:14.306  4291  4291 W MiResource: Dump       class=class android.content.res.ApkAssets
07-13 04:20:14.306  4291  4291 W MiResource: Dump       debugName=/product/overlay/MiuiPOCOWallpaperOverlay.apk
07-13 04:20:14.306  4291  4291 W MiResource: Dump       assetPath=/product/overlay/MiuiPOCOWallpaperOverlay.apk
07-13 04:20:14.306  4291  4291 W MiResource: Dump     22
07-13 04:20:14.306  4291  4291 W MiResource: Dump       class=class android.content.res.ApkAssets
07-13 04:20:14.306  4291  4291 W MiResource: Dump       debugName=/product/overlay/AospFrameworkTelephonyResOverlay.apk
07-13 04:20:14.306  4291  4291 W MiResource: Dump       assetPath=/product/overlay/AospFrameworkTelephonyResOverlay.apk
07-13 04:20:14.306  4291  4291 W MiResource: Dump     23
07-13 04:20:14.306  4291  4291 W MiResource: Dump       class=class android.content.res.ApkAssets
07-13 04:20:14.306  4291  4291 W MiResource: Dump       debugName=/system_ext/framework/framework-ext-res/framework-ext-res.apk
07-13 04:20:14.306  4291  4291 W MiResource: Dump       assetPath=/system_ext/framework/framework-ext-res/framework-ext-res.apk
07-13 04:20:14.306  4291  4291 W MiResource: Dump     24
07-13 04:20:14.306  4291  4291 W MiResource: Dump       class=class android.content.res.ApkAssets
07-13 04:20:14.306  4291  4291 W MiResource: Dump       debugName=/product/overlay/MiuiFrameworkResOverlay.apk
07-13 04:20:14.306  4291  4291 W MiResource: Dump       assetPath=/product/overlay/MiuiFrameworkResOverlay.apk
07-13 04:20:14.306  4291  4291 W MiResource: Dump     25
07-13 04:20:14.306  4291  4291 W MiResource: Dump       class=class android.content.res.ApkAssets
07-13 04:20:14.306  4291  4291 W MiResource: Dump       debugName=/product/overlay/MiuiFrameworkTelephonyResOverlay.apk
07-13 04:20:14.306  4291  4291 W MiResource: Dump       assetPath=/product/overlay/MiuiFrameworkTelephonyResOverlay.apk
07-13 04:20:14.306  4291  4291 W MiResource: Dump     26
07-13 04:20:14.306  4291  4291 W MiResource: Dump       class=class android.content.res.ApkAssets
07-13 04:20:14.306  4291  4291 W MiResource: Dump       debugName=/system_ext/app/mediatek-res/mediatek-res.apk
07-13 04:20:14.306  4291  4291 W MiResource: Dump       assetPath=/system_ext/app/mediatek-res/mediatek-res.apk
07-13 04:20:14.306  4291  4291 W MiResource: Dump     27
07-13 04:20:14.306  4291  4291 W MiResource: Dump       class=class android.content.res.ApkAssets
07-13 04:20:14.306  4291  4291 W MiResource: Dump       debugName=/data/app/~~4-mr-XR5p2BlXIuvrJDV2A==/io.najishab.najibox-7l9MFSrIrbJaqszy-q9JwA==/base.apk
07-13 04:20:14.306  4291  4291 W MiResource: Dump       assetPath=/data/app/~~4-mr-XR5p2BlXIuvrJDV2A==/io.najishab.najibox-7l9MFSrIrbJaqszy-q9JwA==/base.apk
07-13 04:20:14.306  4291  4291 W MiResource: Dump     28
07-13 04:20:14.306  4291  4291 W MiResource: Dump       class=class android.content.res.ApkAssets
07-13 04:20:14.306  4291  4291 W MiResource: Dump       debugName=/product/overlay/GestureLineOverlay.apk
07-13 04:20:14.306  4291  4291 W MiResource: Dump       assetPath=/product/overlay/GestureLineOverlay.apk
07-13 04:20:14.306  4291  4291 W MiResource: Dump     29
07-13 04:20:14.306  4291  4291 W MiResource: Dump       class=class android.content.res.ApkAssets
07-13 04:20:14.306  4291  4291 W MiResource: Dump       debugName=/data/resource-cache/com.android.systemui-neutral-iy1t.frro
07-13 04:20:14.306  4291  4291 W MiResource: Dump       assetPath=/data/resource-cache/com.android.systemui-neutral-iy1t.frro
07-13 04:20:14.306  4291  4291 W MiResource: Dump     30
07-13 04:20:14.306  4291  4291 W MiResource: Dump       class=class android.content.res.ApkAssets
07-13 04:20:14.306  4291  4291 W MiResource: Dump       debugName=/data/resource-cache/com.android.systemui-accent-jRBw.frro
07-13 04:20:14.306  4291  4291 W MiResource: Dump       assetPath=/data/resource-cache/com.android.systemui-accent-jRBw.frro
07-13 04:20:14.306  4291  4291 W MiResource: Dump     31
07-13 04:20:14.306  4291  4291 W MiResource: Dump       class=class android.content.res.ApkAssets
07-13 04:20:14.306  4291  4291 W MiResource: Dump       debugName=/data/resource-cache/com.android.systemui-dynamic-HRLE.frro
07-13 04:20:14.306  4291  4291 W MiResource: Dump       assetPath=/data/resource-cache/com.android.systemui-dynamic-HRLE.frro
07-13 04:20:14.325  4291  4291 D MiuiCameraCoveredManager: java.lang.NullPointerException: Attempt to invoke virtual method 'java.lang.String android.provider.MiuiSettings$SettingsCloudData$CloudData.getString(java.lang.String, java.lang.String)' on a null object reference
07-13 04:20:14.326  4291  4291 I ForceDarkHelperStubImpl: setViewRootImplForceDark: false for io.najishab.najibox.ui.profile.WireGuardSettingsActivity@9e6f0b1, reason: AppDarkModeEnable
07-13 04:20:14.343  4291  4291 D MiuiCameraCoveredManager: java.lang.NullPointerException: Attempt to invoke virtual method 'java.lang.String android.provider.MiuiSettings$SettingsCloudData$CloudData.getString(java.lang.String, java.lang.String)' on a null object reference
07-13 04:20:14.345  4291  4291 I ForceDarkHelperStubImpl: setViewRootImplForceDark: false for io.najishab.najibox.ui.profile.WireGuardSettingsActivity@9e6f0b1, reason: AppDarkModeEnable
07-13 04:20:14.382  4291  4291 I ForceDarkHelperStubImpl: setViewRootImplForceDark: false for io.najishab.najibox.ui.profile.WireGuardSettingsActivity@9e6f0b1, reason: AppDarkModeEnable
07-13 04:20:14.416  4291  4291 I ForceDarkHelperStubImpl: setViewRootImplForceDark: false for io.najishab.najibox.ui.profile.WireGuardSettingsActivity@9e6f0b1, reason: AppDarkModeEnable
07-13 04:20:14.431  4291  4291 D MiuiCameraCoveredManager: java.lang.NullPointerException: Attempt to invoke virtual method 'java.lang.String android.provider.MiuiSettings$SettingsCloudData$CloudData.getString(java.lang.String, java.lang.String)' on a null object reference
07-13 04:20:14.953  4291  4291 D VRI[PopupWindow:3ea]: getMiuiFreeformStackInfo mTmpFrames.miuiFreeFormStackInfo: null
07-13 04:20:14.955  4291  4291 D VRI[PopupWindow:3eb]: getMiuiFreeformStackInfo mTmpFrames.miuiFreeFormStackInfo: null
07-13 04:20:17.508  4291  4291 D VRI[WireGuardSettingsActivity]: getMiuiFreeformStackInfo mTmpFrames.miuiFreeFormStackInfo: null
07-13 04:20:17.581  4291  4291 D DecorViewImmersiveImpl: onDetachedFromWindow
07-13 04:20:18.070  4291  4291 D VRI[WireGuardSettingsActivity]: getMiuiFreeformStackInfo mTmpFrames.miuiFreeFormStackInfo: null
07-13 04:20:18.156  4291  4291 D MiuiCameraCoveredManager: java.lang.NullPointerException: Attempt to invoke virtual method 'java.lang.String android.provider.MiuiSettings$SettingsCloudData$CloudData.getString(java.lang.String, java.lang.String)' on a null object reference
07-13 04:20:18.157  4291  4291 I ForceDarkHelperStubImpl: setViewRootImplForceDark: false for io.najishab.najibox.ui.profile.WireGuardSettingsActivity@9e6f0b1, reason: AppDarkModeEnable
07-13 04:20:18.160  4291  4291 D InsetsController: Setting requestedVisibleTypes to -1 (was -9)
07-13 04:20:18.186  4291  4291 I ForceDarkHelperStubImpl: setViewRootImplForceDark: false for io.najishab.najibox.ui.profile.WireGuardSettingsActivity@9e6f0b1, reason: AppDarkModeEnable
07-13 04:20:18.850  4291  4291 D VRI[WireGuardSettingsActivity]: getMiuiFreeformStackInfo mTmpFrames.miuiFreeFormStackInfo: null
07-13 04:20:18.964  4291  4291 D MiuiCameraCoveredManager: java.lang.NullPointerException: Attempt to invoke virtual method 'java.lang.String android.provider.MiuiSettings$SettingsCloudData$CloudData.getString(java.lang.String, java.lang.String)' on a null object reference
07-13 04:20:18.965  4291  4291 I ForceDarkHelperStubImpl: setViewRootImplForceDark: false for io.najishab.najibox.ui.profile.WireGuardSettingsActivity@9e6f0b1, reason: AppDarkModeEnable
07-13 04:20:18.984  4291  4291 I ForceDarkHelperStubImpl: setViewRootImplForceDark: false for io.najishab.najibox.ui.profile.WireGuardSettingsActivity@9e6f0b1, reason: AppDarkModeEnable
07-13 04:20:19.007  4291  4291 D VRI[PopupWindow:3e9]: getMiuiFreeformStackInfo mTmpFrames.miuiFreeFormStackInfo: null
07-13 04:20:19.045  4291  4291 D VRI[WireGuardSettingsActivity]: getMiuiFreeformStackInfo mTmpFrames.miuiFreeFormStackInfo: null
07-13 04:20:19.183  4291  4291 I MiResource: invalid cookie from nativeGetResourceValue, cookie = -1, origValue = TypedValue{t=0x3/d=0x2435b "Share" a=1 r=0x1040a9d}, value =TypedValue{t=0x3/d=0x2435b "Share" a=1 r=0x1040a9d}
07-13 04:20:19.183  4291  4291 I MiResource: got NFE for resource ID #0x7f0c0018(2131492888) , isResourceCached = true
07-13 04:20:19.183  4291  4291 W MiResource: Dump android.content.res.MiuiResources@cc3c84e
07-13 04:20:19.183  4291  4291 W MiResource: Dump class=class android.content.res.MiuiResources
07-13 04:20:19.183  4291  4291 W MiResource: Dump resourcesImpl
07-13 04:20:19.183  4291  4291 W MiResource: Dump   class=class android.content.res.MiuiResourcesImpl
07-13 04:20:19.183  4291  4291 W MiResource: Dump   assets
07-13 04:20:19.183  4291  4291 W MiResource: Dump     class=class android.content.res.AssetManager
07-13 04:20:19.183  4291  4291 W MiResource: Dump     apkAssets=
07-13 04:20:19.183  4291  4291 W MiResource: Dump     0
07-13 04:20:19.183  4291  4291 W MiResource: Dump       class=class android.content.res.ApkAssets
07-13 04:20:19.183  4291  4291 W MiResource: Dump       debugName=/system/framework/framework-res.apk
07-13 04:20:19.183  4291  4291 W MiResource: Dump       assetPath=/system/framework/framework-res.apk
07-13 04:20:19.183  4291  4291 W MiResource: Dump     1
07-13 04:20:19.183  4291  4291 W MiResource: Dump       class=class android.content.res.ApkAssets
07-13 04:20:19.183  4291  4291 W MiResource: Dump       debugName=/vendor/overlay/FrameworkResOverlay/FrameworkResOverlay.apk
07-13 04:20:19.183  4291  4291 W MiResource: Dump       assetPath=/vendor/overlay/FrameworkResOverlay/FrameworkResOverlay.apk
07-13 04:20:19.183  4291  4291 W MiResource: Dump     2
07-13 04:20:19.183  4291  4291 W MiResource: Dump       class=class android.content.res.ApkAssets
07-13 04:20:19.183  4291  4291 W MiResource: Dump       debugName=/vendor/overlay/FrameworkResOverlayExt/FrameworkResOverlayExt.apk
07-13 04:20:19.183  4291  4291 W MiResource: Dump       assetPath=/vendor/overlay/FrameworkResOverlayExt/FrameworkResOverlayExt.apk
07-13 04:20:19.183  4291  4291 W MiResource: Dump     3
07-13 04:20:19.183  4291  4291 W MiResource: Dump       class=class android.content.res.ApkAssets
07-13 04:20:19.183  4291  4291 W MiResource: Dump       debugName=/product/overlay/CaptivePortalLoginFrameworkOverlay.apk
07-13 04:20:19.183  4291  4291 W MiResource: Dump       assetPath=/product/overlay/CaptivePortalLoginFrameworkOverlay.apk
07-13 04:20:19.183  4291  4291 W MiResource: Dump     4
07-13 04:20:19.183  4291  4291 W MiResource: Dump       class=class android.content.res.ApkAssets
07-13 04:20:19.183  4291  4291 W MiResource: Dump       debugName=/product/overlay/CircleToSearchOverlay.apk
07-13 04:20:19.183  4291  4291 W MiResource: Dump       assetPath=/product/overlay/CircleToSearchOverlay.apk
07-13 04:20:19.183  4291  4291 W MiResource: Dump     5
07-13 04:20:19.183  4291  4291 W MiResource: Dump       class=class android.content.res.ApkAssets
07-13 04:20:19.183  4291  4291 W MiResource: Dump       debugName=/product/overlay/GmsConfigOverlayASI_Infrastructure.apk
07-13 04:20:19.183  4291  4291 W MiResource: Dump       assetPath=/product/overlay/GmsConfigOverlayASI_Infrastructure.apk
07-13 04:20:19.183  4291  4291 W MiResource: Dump     6
07-13 04:20:19.183  4291  4291 W MiResource: Dump       class=class android.content.res.ApkAssets
07-13 04:20:19.183  4291  4291 W MiResource: Dump       debugName=/product/overlay/GmsConfigOverlayCommon.apk
07-13 04:20:19.183  4291  4291 W MiResource: Dump       assetPath=/product/overlay/GmsConfigOverlayCommon.apk
07-13 04:20:19.183  4291  4291 W MiResource: Dump     7
07-13 04:20:19.183  4291  4291 W MiResource: Dump       class=class android.content.res.ApkAssets
07-13 04:20:19.183  4291  4291 W MiResource: Dump       debugName=/product/overlay/GmsConfigOverlayComms.apk
07-13 04:20:19.183  4291  4291 W MiResource: Dump       assetPath=/product/overlay/GmsConfigOverlayComms.apk
07-13 04:20:19.183  4291  4291 W MiResource: Dump     8
07-13 04:20:19.183  4291  4291 W MiResource: Dump       class=class android.content.res.ApkAssets
07-13 04:20:19.183  4291  4291 W MiResource: Dump       debugName=/product/overlay/GmsConfigOverlayGSA.apk
07-13 04:20:19.183  4291  4291 W MiResource: Dump       assetPath=/product/overlay/GmsConfigOverlayGSA.apk
07-13 04:20:19.183  4291  4291 W MiResource: Dump     9
07-13 04:20:19.183  4291  4291 W MiResource: Dump       class=class android.content.res.ApkAssets
07-13 04:20:19.183  4291  4291 W MiResource: Dump       debugName=/product/overlay/GmsConfigOverlayGeotz.apk
07-13 04:20:19.183  4291  4291 W MiResource: Dump       assetPath=/product/overlay/GmsConfigOverlayGeotz.apk
07-13 04:20:19.183  4291  4291 W MiResource: Dump     10
07-13 04:20:19.183  4291  4291 W MiResource: Dump       class=class android.content.res.ApkAssets
07-13 04:20:19.183  4291  4291 W MiResource: Dump       debugName=/product/overlay/GmsConfigOverlayPersonalSafety.apk
07-13 04:20:19.183  4291  4291 W MiResource: Dump       assetPath=/product/overlay/GmsConfigOverlayPersonalSafety.apk
07-13 04:20:19.183  4291  4291 W MiResource: Dump     11
07-13 04:20:19.183  4291  4291 W MiResource: Dump       class=class android.content.res.ApkAssets
07-13 04:20:19.183  4291  4291 W MiResource: Dump       debugName=/product/overlay/GmsConfigOverlayPhotos.apk
07-13 04:20:19.183  4291  4291 W MiResource: Dump       assetPath=/product/overlay/GmsConfigOverlayPhotos.apk
07-13 04:20:19.183  4291  4291 W MiResource: Dump     12
07-13 04:20:19.183  4291  4291 W MiResource: Dump       class=class android.content.res.ApkAssets
07-13 04:20:19.183  4291  4291 W MiResource: Dump       debugName=/product/overlay/GoogleExtServicesConfigOverlay.apk
07-13 04:20:19.183  4291  4291 W MiResource: Dump       assetPath=/product/overlay/GoogleExtServicesConfigOverlay.apk
07-13 04:20:19.183  4291  4291 W MiResource: Dump     13
07-13 04:20:19.183  4291  4291 W MiResource: Dump       class=class android.content.res.ApkAssets
07-13 04:20:19.183  4291  4291 W MiResource: Dump       debugName=/product/overlay/GoogleHealthFitnessFrameworkOverlay.apk
07-13 04:20:19.183  4291  4291 W MiResource: Dump       assetPath=/product/overlay/GoogleHealthFitnessFrameworkOverlay.apk
07-13 04:20:19.183  4291  4291 W MiResource: Dump     14
07-13 04:20:19.183  4291  4291 W MiResource: Dump       class=class android.content.res.ApkAssets
07-13 04:20:19.183  4291  4291 W MiResource: Dump       debugName=/product/overlay/GooglePermissionControllerFrameworkOverlay.apk
07-13 04:20:19.183  4291  4291 W MiResource: Dump       assetPath=/product/overlay/GooglePermissionControllerFrameworkOverlay.apk
07-13 04:20:19.183  4291  4291 W MiResource: Dump     15
07-13 04:20:19.183  4291  4291 W MiResource: Dump       class=class android.content.res.ApkAssets
07-13 04:20:19.183  4291  4291 W MiResource: Dump       debugName=/product/overlay/MiuiServiceOverlay/MiuiServiceOverlay.apk
07-13 04:20:19.183  4291  4291 W MiResource: Dump       assetPath=/product/overlay/MiuiServiceOverlay/MiuiServiceOverlay.apk
07-13 04:20:19.183  4291  4291 W MiResource: Dump     16
07-13 04:20:19.183  4291  4291 W MiResource: Dump       class=class android.content.res.ApkAssets
07-13 04:20:19.183  4291  4291 W MiResource: Dump       debugName=/product/overlay/ModuleMetadataGoogleOverlay.apk
07-13 04:20:19.183  4291  4291 W MiResource: Dump       assetPath=/product/overlay/ModuleMetadataGoogleOverlay.apk
07-13 04:20:19.183  4291  4291 W MiResource: Dump     17
07-13 04:20:19.183  4291  4291 W MiResource: Dump       class=class android.content.res.ApkAssets
07-13 04:20:19.183  4291  4291 W MiResource: Dump       debugName=/product/overlay/framework-res__nosdcard__auto_generated_characteristics_rro.apk
07-13 04:20:19.183  4291  4291 W MiResource: Dump       assetPath=/product/overlay/framework-res__nosdcard__auto_generated_characteristics_rro.apk
07-13 04:20:19.183  4291  4291 W MiResource: Dump     18
07-13 04:20:19.183  4291  4291 W MiResource: Dump       class=class android.content.res.ApkAssets
07-13 04:20:19.183  4291  4291 W MiResource: Dump       debugName=/product/overlay/MiuiPocoLauncherResOverlay.apk
07-13 04:20:19.183  4291  4291 W MiResource: Dump       assetPath=/product/overlay/MiuiPocoLauncherResOverlay.apk
07-13 04:20:19.183  4291  4291 W MiResource: Dump     19
07-13 04:20:19.183  4291  4291 W MiResource: Dump       class=class android.content.res.ApkAssets
07-13 04:20:19.183  4291  4291 W MiResource: Dump       debugName=/product/overlay/AospFrameworkResOverlay.apk
07-13 04:20:19.183  4291  4291 W MiResource: Dump       assetPath=/product/overlay/AospFrameworkResOverlay.apk
07-13 04:20:19.183  4291  4291 W MiResource: Dump     20
07-13 04:20:19.183  4291  4291 W MiResource: Dump       class=class android.content.res.ApkAssets
07-13 04:20:19.183  4291  4291 W MiResource: Dump       debugName=/product/overlay/DevicesAndroidOverlay.apk
07-13 04:20:19.183  4291  4291 W MiResource: Dump       assetPath=/product/overlay/DevicesAndroidOverlay.apk
07-13 04:20:19.183  4291  4291 W MiResource: Dump     21
07-13 04:20:19.183  4291  4291 W MiResource: Dump       class=class android.content.res.ApkAssets
07-13 04:20:19.183  4291  4291 W MiResource: Dump       debugName=/product/overlay/MiuiPOCOWallpaperOverlay.apk
07-13 04:20:19.183  4291  4291 W MiResource: Dump       assetPath=/product/overlay/MiuiPOCOWallpaperOverlay.apk
07-13 04:20:19.183  4291  4291 W MiResource: Dump     22
07-13 04:20:19.183  4291  4291 W MiResource: Dump       class=class android.content.res.ApkAssets
07-13 04:20:19.183  4291  4291 W MiResource: Dump       debugName=/product/overlay/AospFrameworkTelephonyResOverlay.apk
07-13 04:20:19.183  4291  4291 W MiResource: Dump       assetPath=/product/overlay/AospFrameworkTelephonyResOverlay.apk
07-13 04:20:19.183  4291  4291 W MiResource: Dump     23
07-13 04:20:19.183  4291  4291 W MiResource: Dump       class=class android.content.res.ApkAssets
07-13 04:20:19.183  4291  4291 W MiResource: Dump       debugName=/system_ext/framework/framework-ext-res/framework-ext-res.apk
07-13 04:20:19.183  4291  4291 W MiResource: Dump       assetPath=/system_ext/framework/framework-ext-res/framework-ext-res.apk
07-13 04:20:19.183  4291  4291 W MiResource: Dump     24
07-13 04:20:19.183  4291  4291 W MiResource: Dump       class=class android.content.res.ApkAssets
07-13 04:20:19.183  4291  4291 W MiResource: Dump       debugName=/product/overlay/MiuiFrameworkResOverlay.apk
07-13 04:20:19.183  4291  4291 W MiResource: Dump       assetPath=/product/overlay/MiuiFrameworkResOverlay.apk
07-13 04:20:19.183  4291  4291 W MiResource: Dump     25
07-13 04:20:19.183  4291  4291 W MiResource: Dump       class=class android.content.res.ApkAssets
07-13 04:20:19.183  4291  4291 W MiResource: Dump       debugName=/product/overlay/MiuiFrameworkTelephonyResOverlay.apk
07-13 04:20:19.183  4291  4291 W MiResource: Dump       assetPath=/product/overlay/MiuiFrameworkTelephonyResOverlay.apk
07-13 04:20:19.183  4291  4291 W MiResource: Dump     26
07-13 04:20:19.183  4291  4291 W MiResource: Dump       class=class android.content.res.ApkAssets
07-13 04:20:19.183  4291  4291 W MiResource: Dump       debugName=/system_ext/app/mediatek-res/mediatek-res.apk
07-13 04:20:19.183  4291  4291 W MiResource: Dump       assetPath=/system_ext/app/mediatek-res/mediatek-res.apk
07-13 04:20:19.183  4291  4291 W MiResource: Dump     27
07-13 04:20:19.183  4291  4291 W MiResource: Dump       class=class android.content.res.ApkAssets
07-13 04:20:19.183  4291  4291 W MiResource: Dump       debugName=/data/app/~~4-mr-XR5p2BlXIuvrJDV2A==/io.najishab.najibox-7l9MFSrIrbJaqszy-q9JwA==/base.apk
07-13 04:20:19.183  4291  4291 W MiResource: Dump       assetPath=/data/app/~~4-mr-XR5p2BlXIuvrJDV2A==/io.najishab.najibox-7l9MFSrIrbJaqszy-q9JwA==/base.apk
07-13 04:20:19.183  4291  4291 W MiResource: Dump     28
07-13 04:20:19.183  4291  4291 W MiResource: Dump       class=class android.content.res.ApkAssets
07-13 04:20:19.183  4291  4291 W MiResource: Dump       debugName=/product/overlay/GestureLineOverlay.apk
07-13 04:20:19.183  4291  4291 W MiResource: Dump       assetPath=/product/overlay/GestureLineOverlay.apk
07-13 04:20:19.183  4291  4291 W MiResource: Dump     29
07-13 04:20:19.183  4291  4291 W MiResource: Dump       class=class android.content.res.ApkAssets
07-13 04:20:19.183  4291  4291 W MiResource: Dump       debugName=/data/resource-cache/com.android.systemui-neutral-iy1t.frro
07-13 04:20:19.183  4291  4291 W MiResource: Dump       assetPath=/data/resource-cache/com.android.systemui-neutral-iy1t.frro
07-13 04:20:19.183  4291  4291 W MiResource: Dump     30
07-13 04:20:19.183  4291  4291 W MiResource: Dump       class=class android.content.res.ApkAssets
07-13 04:20:19.183  4291  4291 W MiResource: Dump       debugName=/data/resource-cache/com.android.systemui-accent-jRBw.frro
07-13 04:20:19.183  4291  4291 W MiResource: Dump       assetPath=/data/resource-cache/com.android.systemui-accent-jRBw.frro
07-13 04:20:19.183  4291  4291 W MiResource: Dump     31
07-13 04:20:19.183  4291  4291 W MiResource: Dump       class=class android.content.res.ApkAssets
07-13 04:20:19.183  4291  4291 W MiResource: Dump       debugName=/data/resource-cache/com.android.systemui-dynamic-HRLE.frro
07-13 04:20:19.183  4291  4291 W MiResource: Dump       assetPath=/data/resource-cache/com.android.systemui-dynamic-HRLE.frro
07-13 04:20:19.194  4291  4291 D MiuiCameraCoveredManager: java.lang.NullPointerException: Attempt to invoke virtual method 'java.lang.String android.provider.MiuiSettings$SettingsCloudData$CloudData.getString(java.lang.String, java.lang.String)' on a null object reference
07-13 04:20:19.194  4291  4291 I ForceDarkHelperStubImpl: setViewRootImplForceDark: false for io.najishab.najibox.ui.profile.WireGuardSettingsActivity@9e6f0b1, reason: AppDarkModeEnable
07-13 04:20:19.203  4291  4291 D MiuiCameraCoveredManager: java.lang.NullPointerException: Attempt to invoke virtual method 'java.lang.String android.provider.MiuiSettings$SettingsCloudData$CloudData.getString(java.lang.String, java.lang.String)' on a null object reference
07-13 04:20:19.204  4291  4291 I ForceDarkHelperStubImpl: setViewRootImplForceDark: false for io.najishab.najibox.ui.profile.WireGuardSettingsActivity@9e6f0b1, reason: AppDarkModeEnable
07-13 04:20:19.235  4291  4291 I ForceDarkHelperStubImpl: setViewRootImplForceDark: false for io.najishab.najibox.ui.profile.WireGuardSettingsActivity@9e6f0b1, reason: AppDarkModeEnable
07-13 04:20:19.259  4291  4291 I ForceDarkHelperStubImpl: setViewRootImplForceDark: false for io.najishab.najibox.ui.profile.WireGuardSettingsActivity@9e6f0b1, reason: AppDarkModeEnable
07-13 04:20:19.277  4291  4291 D MiuiCameraCoveredManager: java.lang.NullPointerException: Attempt to invoke virtual method 'java.lang.String android.provider.MiuiSettings$SettingsCloudData$CloudData.getString(java.lang.String, java.lang.String)' on a null object reference
07-13 04:20:19.801  4291  4291 D VRI[PopupWindow:3ea]: getMiuiFreeformStackInfo mTmpFrames.miuiFreeFormStackInfo: null
07-13 04:20:19.801  4291  4291 D VRI[PopupWindow:3eb]: getMiuiFreeformStackInfo mTmpFrames.miuiFreeFormStackInfo: null
07-13 04:20:20.740  4291  4291 D VRI[WireGuardSettingsActivity]: getMiuiFreeformStackInfo mTmpFrames.miuiFreeFormStackInfo: null
07-13 04:20:20.832  4291  4291 D DecorViewImmersiveImpl: onDetachedFromWindow
07-13 04:20:21.265  4291  4291 D VRI[WireGuardSettingsActivity]: getMiuiFreeformStackInfo mTmpFrames.miuiFreeFormStackInfo: null
07-13 04:20:21.415  4291  4291 I ForceDarkHelperStubImpl: setViewRootImplForceDark: false for io.najishab.najibox.ui.MainActivity@9439193, reason: AppDarkModeEnable
07-13 04:20:21.419  4291  4291 D Activity: Activity = ActivityInfo{629d494 io.najishab.najibox.ui.MainActivity}, Resume onConfigurationChanged = {1.0 432mcc11mnc [en,en_US] ldltr sw407dp w407dp h904dp 480dpi nrml long widecg port finger -keyb/v/h -nav/h winConfig={ mBounds=Rect(0, 0 - 1220, 2712) mAppBounds=Rect(0, 0 - 1220, 2712) mMaxBounds=Rect(0, 0 - 1220, 2712) mDisplayRotation=ROTATION_0 mWindowingMode=fullscreen mActivityType=standard mAlwaysOnTop=undefined mRotation=ROTATION_0 mInSplitScreen=false letterBoxed=false foScaled=false isSpecificEmbedded=false embeddingScale=1.0} s.2 fontWeightAdjustment=0/d/0 themeChanged=0 themeChangedFlags=0 display=0 extraData = Bundle[{}] screenType=0/0}
07-13 04:20:22.009  4291  4291 D DecorViewImmersiveImpl: onDetachedFromWindow
07-13 04:20:22.708  4291  4291 D VRI[MainActivity]: getMiuiFreeformStackInfo mTmpFrames.miuiFreeFormStackInfo: null
07-13 04:20:30.118  4291  4291 D VRI[MainActivity]: getMiuiFreeformStackInfo mTmpFrames.miuiFreeFormStackInfo: null
07-13 04:20:33.193  4291 11786 W BpBinder: PerfMonitor binderTransact: time=3006ms interface=io.najishab.najibox.aidl.ISagerNetService code=5
07-13 04:20:34.166  4291  4291 D VRI[MainActivity]: getMiuiFreeformStackInfo mTmpFrames.miuiFreeFormStackInfo: null
07-13 04:20:45.031  4291  4291 I ForceDarkHelperStubImpl: setViewRootImplForceDark: false for io.najishab.najibox.ui.MainActivity@9439193, reason: AppDarkModeEnable
07-13 04:20:45.047  4291  4291 D Activity: Activity = ActivityInfo{629d494 io.najishab.najibox.ui.MainActivity}, Resume onConfigurationChanged = {1.0 432mcc11mnc [en,en_US] ldltr sw407dp w407dp h904dp 480dpi nrml long widecg port finger -keyb/v/h -nav/h winConfig={ mBounds=Rect(0, 0 - 1220, 2712) mAppBounds=Rect(0, 0 - 1220, 2712) mMaxBounds=Rect(0, 0 - 1220, 2712) mDisplayRotation=ROTATION_0 mWindowingMode=fullscreen mActivityType=standard mAlwaysOnTop=undefined mRotation=ROTATION_0 mInSplitScreen=false letterBoxed=false foScaled=false isSpecificEmbedded=false embeddingScale=1.0} s.2 fontWeightAdjustment=0/d/0 themeChanged=0 themeChangedFlags=0 display=0 extraData = Bundle[{}] screenType=0/0}
07-13 04:20:45.913  4291  4291 D VRI[MainActivity]: getMiuiFreeformStackInfo mTmpFrames.miuiFreeFormStackInfo: null
07-13 04:20:47.412  4291  4291 D VRI[MainActivity]: getMiuiFreeformStackInfo mTmpFrames.miuiFreeFormStackInfo: null
07-13 04:20:47.492  4291 10771 I ActivityThread: HardwareRenderer preload  done
07-13 04:20:47.493  4291  4291 V Resources: Updating configuration, with default locale en-US and selected locales [en, en-US]
07-13 04:20:47.502  4291  4291 D Activity: Activity = ActivityInfo{4da1035 io.najishab.najibox.ui.profile.WireGuardSettingsActivity}, Resume onConfigurationChanged = {1.0 432mcc11mnc [en,en_US] ldltr sw407dp w407dp h904dp 480dpi nrml long widecg port finger -keyb/v/h -nav/h winConfig={ mBounds=Rect(0, 0 - 1220, 2712) mAppBounds=Rect(0, 0 - 1220, 2712) mMaxBounds=Rect(0, 0 - 1220, 2712) mDisplayRotation=ROTATION_0 mWindowingMode=fullscreen mActivityType=standard mAlwaysOnTop=undefined mRotation=ROTATION_0 mInSplitScreen=false letterBoxed=false foScaled=false isSpecificEmbedded=false embeddingScale=1.0} s.2 fontWeightAdjustment=0/d/0 themeChanged=0 themeChangedFlags=0 display=0 extraData = Bundle[{}] screenType=0/0}
07-13 04:20:47.504  4291  4291 D MiuiCameraCoveredManager: java.lang.NullPointerException: Attempt to invoke virtual method 'java.lang.String android.provider.MiuiSettings$SettingsCloudData$CloudData.getString(java.lang.String, java.lang.String)' on a null object reference
07-13 04:20:47.504  4291  4291 I ForceDarkHelperStubImpl: setViewRootImplForceDark: false for io.najishab.najibox.ui.profile.WireGuardSettingsActivity@53042a4, reason: AppDarkModeEnable
07-13 04:20:47.561  4291  4291 D VRI[WireGuardSettingsActivity]: getMiuiFreeformStackInfo mTmpFrames.miuiFreeFormStackInfo: null
07-13 04:20:48.200  4291  4291 D VRI[WireGuardSettingsActivity]: getMiuiFreeformStackInfo mTmpFrames.miuiFreeFormStackInfo: null
07-13 04:20:48.327  4291  4291 D MiuiCameraCoveredManager: java.lang.NullPointerException: Attempt to invoke virtual method 'java.lang.String android.provider.MiuiSettings$SettingsCloudData$CloudData.getString(java.lang.String, java.lang.String)' on a null object reference
07-13 04:20:48.332  4291  4291 I ForceDarkHelperStubImpl: setViewRootImplForceDark: false for io.najishab.najibox.ui.profile.WireGuardSettingsActivity@53042a4, reason: AppDarkModeEnable
07-13 04:20:48.334  4291  4291 D InsetsController: Setting requestedVisibleTypes to -1 (was -9)
07-13 04:20:48.376  4291  4291 I ForceDarkHelperStubImpl: setViewRootImplForceDark: false for io.najishab.najibox.ui.profile.WireGuardSettingsActivity@53042a4, reason: AppDarkModeEnable
07-13 04:20:48.946  4291  4291 D VRI[WireGuardSettingsActivity]: getMiuiFreeformStackInfo mTmpFrames.miuiFreeFormStackInfo: null
07-13 04:20:49.061  4291  4291 D MiuiCameraCoveredManager: java.lang.NullPointerException: Attempt to invoke virtual method 'java.lang.String android.provider.MiuiSettings$SettingsCloudData$CloudData.getString(java.lang.String, java.lang.String)' on a null object reference
07-13 04:20:49.062  4291  4291 I ForceDarkHelperStubImpl: setViewRootImplForceDark: false for io.najishab.najibox.ui.profile.WireGuardSettingsActivity@53042a4, reason: AppDarkModeEnable
07-13 04:20:49.101  4291  4291 I ForceDarkHelperStubImpl: setViewRootImplForceDark: false for io.najishab.najibox.ui.profile.WireGuardSettingsActivity@53042a4, reason: AppDarkModeEnable
07-13 04:20:49.117  4291  4291 D VRI[WireGuardSettingsActivity]: getMiuiFreeformStackInfo mTmpFrames.miuiFreeFormStackInfo: null
07-13 04:20:49.258  4291  4291 V Resources: Updating configuration, with default locale en-US and selected locales [en, en-US]
07-13 04:20:49.312  4291  4291 V Resources: Updating configuration, with default locale en-US and selected locales [en, en-US]
07-13 04:20:49.316  4291  4291 V Resources: Updating configuration, with default locale en-US and selected locales [en, en-US]
07-13 04:20:49.319  4291  4291 V Resources: Updating configuration, with default locale en-US and selected locales [en, en-US]
07-13 04:20:49.322  4291  4291 V Resources: Updating configuration, with default locale en-US and selected locales [en, en-US]
07-13 04:20:49.323  4291  4291 V Resources: Updating configuration, with default locale en-US and selected locales [en, en-US]
07-13 04:20:49.325  4291  4291 V Resources: Updating configuration, with default locale en-US and selected locales [en, en-US]
07-13 04:20:49.327  4291  4291 V Resources: Updating configuration, with default locale en-US and selected locales [en, en-US]
07-13 04:20:49.329  4291  4291 V Resources: Updating configuration, with default locale en-US and selected locales [en, en-US]
07-13 04:20:49.331  4291  4291 V Resources: Updating configuration, with default locale en-US and selected locales [en, en-US]
07-13 04:20:49.332  4291  4291 V Resources: Updating configuration, with default locale en-US and selected locales [en, en-US]
07-13 04:20:49.336  4291  4291 V Resources: Updating configuration, with default locale en-US and selected locales [en, en-US]
07-13 04:20:49.343  4291  4291 I MiResource: invalid cookie from nativeGetResourceValue, cookie = -1, origValue = TypedValue{t=0x3/d=0x2435b "Share" a=1 r=0x1040a9d}, value =TypedValue{t=0x3/d=0x2435b "Share" a=1 r=0x1040a9d}
07-13 04:20:49.343  4291  4291 I MiResource: got NFE for resource ID #0x7f0c0018(2131492888) , isResourceCached = true
07-13 04:20:49.343  4291  4291 W MiResource: Dump android.content.res.MiuiResources@cc3c84e
07-13 04:20:49.343  4291  4291 W MiResource: Dump class=class android.content.res.MiuiResources
07-13 04:20:49.343  4291  4291 W MiResource: Dump resourcesImpl
07-13 04:20:49.343  4291  4291 W MiResource: Dump   class=class android.content.res.MiuiResourcesImpl
07-13 04:20:49.343  4291  4291 W MiResource: Dump   assets
07-13 04:20:49.343  4291  4291 W MiResource: Dump     class=class android.content.res.AssetManager
07-13 04:20:49.343  4291  4291 W MiResource: Dump     apkAssets=
07-13 04:20:49.343  4291  4291 W MiResource: Dump     0
07-13 04:20:49.343  4291  4291 W MiResource: Dump       class=class android.content.res.ApkAssets
07-13 04:20:49.343  4291  4291 W MiResource: Dump       debugName=/system/framework/framework-res.apk
07-13 04:20:49.343  4291  4291 W MiResource: Dump       assetPath=/system/framework/framework-res.apk
07-13 04:20:49.343  4291  4291 W MiResource: Dump     1
07-13 04:20:49.343  4291  4291 W MiResource: Dump       class=class android.content.res.ApkAssets
07-13 04:20:49.343  4291  4291 W MiResource: Dump       debugName=/vendor/overlay/FrameworkResOverlay/FrameworkResOverlay.apk
07-13 04:20:49.343  4291  4291 W MiResource: Dump       assetPath=/vendor/overlay/FrameworkResOverlay/FrameworkResOverlay.apk
07-13 04:20:49.343  4291  4291 W MiResource: Dump     2
07-13 04:20:49.343  4291  4291 W MiResource: Dump       class=class android.content.res.ApkAssets
07-13 04:20:49.343  4291  4291 W MiResource: Dump       debugName=/vendor/overlay/FrameworkResOverlayExt/FrameworkResOverlayExt.apk
07-13 04:20:49.343  4291  4291 W MiResource: Dump       assetPath=/vendor/overlay/FrameworkResOverlayExt/FrameworkResOverlayExt.apk
07-13 04:20:49.343  4291  4291 W MiResource: Dump     3
07-13 04:20:49.343  4291  4291 W MiResource: Dump       class=class android.content.res.ApkAssets
07-13 04:20:49.343  4291  4291 W MiResource: Dump       debugName=/product/overlay/CaptivePortalLoginFrameworkOverlay.apk
07-13 04:20:49.343  4291  4291 W MiResource: Dump       assetPath=/product/overlay/CaptivePortalLoginFrameworkOverlay.apk
07-13 04:20:49.343  4291  4291 W MiResource: Dump     4
07-13 04:20:49.343  4291  4291 W MiResource: Dump       class=class android.content.res.ApkAssets
07-13 04:20:49.343  4291  4291 W MiResource: Dump       debugName=/product/overlay/CircleToSearchOverlay.apk
07-13 04:20:49.343  4291  4291 W MiResource: Dump       assetPath=/product/overlay/CircleToSearchOverlay.apk
07-13 04:20:49.343  4291  4291 W MiResource: Dump     5
07-13 04:20:49.343  4291  4291 W MiResource: Dump       class=class android.content.res.ApkAssets
07-13 04:20:49.343  4291  4291 W MiResource: Dump       debugName=/product/overlay/GmsConfigOverlayASI_Infrastructure.apk
07-13 04:20:49.343  4291  4291 W MiResource: Dump       assetPath=/product/overlay/GmsConfigOverlayASI_Infrastructure.apk
07-13 04:20:49.343  4291  4291 W MiResource: Dump     6
07-13 04:20:49.343  4291  4291 W MiResource: Dump       class=class android.content.res.ApkAssets
07-13 04:20:49.343  4291  4291 W MiResource: Dump       debugName=/product/overlay/GmsConfigOverlayCommon.apk
07-13 04:20:49.343  4291  4291 W MiResource: Dump       assetPath=/product/overlay/GmsConfigOverlayCommon.apk
07-13 04:20:49.343  4291  4291 W MiResource: Dump     7
07-13 04:20:49.343  4291  4291 W MiResource: Dump       class=class android.content.res.ApkAssets
07-13 04:20:49.343  4291  4291 W MiResource: Dump       debugName=/product/overlay/GmsConfigOverlayComms.apk
07-13 04:20:49.343  4291  4291 W MiResource: Dump       assetPath=/product/overlay/GmsConfigOverlayComms.apk
07-13 04:20:49.343  4291  4291 W MiResource: Dump     8
07-13 04:20:49.343  4291  4291 W MiResource: Dump       class=class android.content.res.ApkAssets
07-13 04:20:49.343  4291  4291 W MiResource: Dump       debugName=/product/overlay/GmsConfigOverlayGSA.apk
07-13 04:20:49.343  4291  4291 W MiResource: Dump       assetPath=/product/overlay/GmsConfigOverlayGSA.apk
07-13 04:20:49.343  4291  4291 W MiResource: Dump     9
07-13 04:20:49.343  4291  4291 W MiResource: Dump       class=class android.content.res.ApkAssets
07-13 04:20:49.343  4291  4291 W MiResource: Dump       debugName=/product/overlay/GmsConfigOverlayGeotz.apk
07-13 04:20:49.343  4291  4291 W MiResource: Dump       assetPath=/product/overlay/GmsConfigOverlayGeotz.apk
07-13 04:20:49.343  4291  4291 W MiResource: Dump     10
07-13 04:20:49.343  4291  4291 W MiResource: Dump       class=class android.content.res.ApkAssets
07-13 04:20:49.343  4291  4291 W MiResource: Dump       debugName=/product/overlay/GmsConfigOverlayPersonalSafety.apk
07-13 04:20:49.343  4291  4291 W MiResource: Dump       assetPath=/product/overlay/GmsConfigOverlayPersonalSafety.apk
07-13 04:20:49.343  4291  4291 W MiResource: Dump     11
07-13 04:20:49.343  4291  4291 W MiResource: Dump       class=class android.content.res.ApkAssets
07-13 04:20:49.343  4291  4291 W MiResource: Dump       debugName=/product/overlay/GmsConfigOverlayPhotos.apk
07-13 04:20:49.343  4291  4291 W MiResource: Dump       assetPath=/product/overlay/GmsConfigOverlayPhotos.apk
07-13 04:20:49.343  4291  4291 W MiResource: Dump     12
07-13 04:20:49.343  4291  4291 W MiResource: Dump       class=class android.content.res.ApkAssets
07-13 04:20:49.343  4291  4291 W MiResource: Dump       debugName=/product/overlay/GoogleExtServicesConfigOverlay.apk
07-13 04:20:49.343  4291  4291 W MiResource: Dump       assetPath=/product/overlay/GoogleExtServicesConfigOverlay.apk
07-13 04:20:49.343  4291  4291 W MiResource: Dump     13
07-13 04:20:49.343  4291  4291 W MiResource: Dump       class=class android.content.res.ApkAssets
07-13 04:20:49.343  4291  4291 W MiResource: Dump       debugName=/product/overlay/GoogleHealthFitnessFrameworkOverlay.apk
07-13 04:20:49.343  4291  4291 W MiResource: Dump       assetPath=/product/overlay/GoogleHealthFitnessFrameworkOverlay.apk
07-13 04:20:49.343  4291  4291 W MiResource: Dump     14
07-13 04:20:49.343  4291  4291 W MiResource: Dump       class=class android.content.res.ApkAssets
07-13 04:20:49.343  4291  4291 W MiResource: Dump       debugName=/product/overlay/GooglePermissionControllerFrameworkOverlay.apk
07-13 04:20:49.343  4291  4291 W MiResource: Dump       assetPath=/product/overlay/GooglePermissionControllerFrameworkOverlay.apk
07-13 04:20:49.343  4291  4291 W MiResource: Dump     15
07-13 04:20:49.343  4291  4291 W MiResource: Dump       class=class android.content.res.ApkAssets
07-13 04:20:49.343  4291  4291 W MiResource: Dump       debugName=/product/overlay/MiuiServiceOverlay/MiuiServiceOverlay.apk
07-13 04:20:49.343  4291  4291 W MiResource: Dump       assetPath=/product/overlay/MiuiServiceOverlay/MiuiServiceOverlay.apk
07-13 04:20:49.343  4291  4291 W MiResource: Dump     16
07-13 04:20:49.343  4291  4291 W MiResource: Dump       class=class android.content.res.ApkAssets
07-13 04:20:49.343  4291  4291 W MiResource: Dump       debugName=/product/overlay/ModuleMetadataGoogleOverlay.apk
07-13 04:20:49.343  4291  4291 W MiResource: Dump       assetPath=/product/overlay/ModuleMetadataGoogleOverlay.apk
07-13 04:20:49.343  4291  4291 W MiResource: Dump     17
07-13 04:20:49.343  4291  4291 W MiResource: Dump       class=class android.content.res.ApkAssets
07-13 04:20:49.343  4291  4291 W MiResource: Dump       debugName=/product/overlay/framework-res__nosdcard__auto_generated_characteristics_rro.apk
07-13 04:20:49.343  4291  4291 W MiResource: Dump       assetPath=/product/overlay/framework-res__nosdcard__auto_generated_characteristics_rro.apk
07-13 04:20:49.343  4291  4291 W MiResource: Dump     18
07-13 04:20:49.343  4291  4291 W MiResource: Dump       class=class android.content.res.ApkAssets
07-13 04:20:49.343  4291  4291 W MiResource: Dump       debugName=/product/overlay/MiuiPocoLauncherResOverlay.apk
07-13 04:20:49.343  4291  4291 W MiResource: Dump       assetPath=/product/overlay/MiuiPocoLauncherResOverlay.apk
07-13 04:20:49.343  4291  4291 W MiResource: Dump     19
07-13 04:20:49.343  4291  4291 W MiResource: Dump       class=class android.content.res.ApkAssets
07-13 04:20:49.343  4291  4291 W MiResource: Dump       debugName=/product/overlay/AospFrameworkResOverlay.apk
07-13 04:20:49.343  4291  4291 W MiResource: Dump       assetPath=/product/overlay/AospFrameworkResOverlay.apk
07-13 04:20:49.343  4291  4291 W MiResource: Dump     20
07-13 04:20:49.343  4291  4291 W MiResource: Dump       class=class android.content.res.ApkAssets
07-13 04:20:49.343  4291  4291 W MiResource: Dump       debugName=/product/overlay/DevicesAndroidOverlay.apk
07-13 04:20:49.343  4291  4291 W MiResource: Dump       assetPath=/product/overlay/DevicesAndroidOverlay.apk
07-13 04:20:49.343  4291  4291 W MiResource: Dump     21
07-13 04:20:49.343  4291  4291 W MiResource: Dump       class=class android.content.res.ApkAssets
07-13 04:20:49.343  4291  4291 W MiResource: Dump       debugName=/product/overlay/MiuiPOCOWallpaperOverlay.apk
07-13 04:20:49.343  4291  4291 W MiResource: Dump       assetPath=/product/overlay/MiuiPOCOWallpaperOverlay.apk
07-13 04:20:49.343  4291  4291 W MiResource: Dump     22
07-13 04:20:49.343  4291  4291 W MiResource: Dump       class=class android.content.res.ApkAssets
07-13 04:20:49.343  4291  4291 W MiResource: Dump       debugName=/product/overlay/AospFrameworkTelephonyResOverlay.apk
07-13 04:20:49.343  4291  4291 W MiResource: Dump       assetPath=/product/overlay/AospFrameworkTelephonyResOverlay.apk
07-13 04:20:49.343  4291  4291 W MiResource: Dump     23
07-13 04:20:49.343  4291  4291 W MiResource: Dump       class=class android.content.res.ApkAssets
07-13 04:20:49.343  4291  4291 W MiResource: Dump       debugName=/system_ext/framework/framework-ext-res/framework-ext-res.apk
07-13 04:20:49.343  4291  4291 W MiResource: Dump       assetPath=/system_ext/framework/framework-ext-res/framework-ext-res.apk
07-13 04:20:49.343  4291  4291 W MiResource: Dump     24
07-13 04:20:49.343  4291  4291 W MiResource: Dump       class=class android.content.res.ApkAssets
07-13 04:20:49.343  4291  4291 W MiResource: Dump       debugName=/product/overlay/MiuiFrameworkResOverlay.apk
07-13 04:20:49.343  4291  4291 W MiResource: Dump       assetPath=/product/overlay/MiuiFrameworkResOverlay.apk
07-13 04:20:49.343  4291  4291 W MiResource: Dump     25
07-13 04:20:49.343  4291  4291 W MiResource: Dump       class=class android.content.res.ApkAssets
07-13 04:20:49.343  4291  4291 W MiResource: Dump       debugName=/product/overlay/MiuiFrameworkTelephonyResOverlay.apk
07-13 04:20:49.343  4291  4291 W MiResource: Dump       assetPath=/product/overlay/MiuiFrameworkTelephonyResOverlay.apk
07-13 04:20:49.343  4291  4291 W MiResource: Dump     26
07-13 04:20:49.343  4291  4291 W MiResource: Dump       class=class android.content.res.ApkAssets
07-13 04:20:49.343  4291  4291 W MiResource: Dump       debugName=/system_ext/app/mediatek-res/mediatek-res.apk
07-13 04:20:49.343  4291  4291 W MiResource: Dump       assetPath=/system_ext/app/mediatek-res/mediatek-res.apk
07-13 04:20:49.343  4291  4291 W MiResource: Dump     27
07-13 04:20:49.343  4291  4291 W MiResource: Dump       class=class android.content.res.ApkAssets
07-13 04:20:49.343  4291  4291 W MiResource: Dump       debugName=/data/app/~~4-mr-XR5p2BlXIuvrJDV2A==/io.najishab.najibox-7l9MFSrIrbJaqszy-q9JwA==/base.apk
07-13 04:20:49.343  4291  4291 W MiResource: Dump       assetPath=/data/app/~~4-mr-XR5p2BlXIuvrJDV2A==/io.najishab.najibox-7l9MFSrIrbJaqszy-q9JwA==/base.apk
07-13 04:20:49.343  4291  4291 W MiResource: Dump     28
07-13 04:20:49.343  4291  4291 W MiResource: Dump       class=class android.content.res.ApkAssets
07-13 04:20:49.343  4291  4291 W MiResource: Dump       debugName=/product/overlay/GestureLineOverlay.apk
07-13 04:20:49.343  4291  4291 W MiResource: Dump       assetPath=/product/overlay/GestureLineOverlay.apk
07-13 04:20:49.343  4291  4291 W MiResource: Dump     29
07-13 04:20:49.343  4291  4291 W MiResource: Dump       class=class android.content.res.ApkAssets
07-13 04:20:49.343  4291  4291 W MiResource: Dump       debugName=/data/resource-cache/com.android.systemui-neutral-iy1t.frro
07-13 04:20:49.343  4291  4291 W MiResource: Dump       assetPath=/data/resource-cache/com.android.systemui-neutral-iy1t.frro
07-13 04:20:49.343  4291  4291 W MiResource: Dump     30
07-13 04:20:49.343  4291  4291 W MiResource: Dump       class=class android.content.res.ApkAssets
07-13 04:20:49.343  4291  4291 W MiResource: Dump       debugName=/data/resource-cache/com.android.systemui-accent-jRBw.frro
07-13 04:20:49.343  4291  4291 W MiResource: Dump       assetPath=/data/resource-cache/com.android.systemui-accent-jRBw.frro
07-13 04:20:49.343  4291  4291 W MiResource: Dump     31
07-13 04:20:49.343  4291  4291 W MiResource: Dump       class=class android.content.res.ApkAssets
07-13 04:20:49.343  4291  4291 W MiResource: Dump       debugName=/data/resource-cache/com.android.systemui-dynamic-HRLE.frro
07-13 04:20:49.343  4291  4291 W MiResource: Dump       assetPath=/data/resource-cache/com.android.systemui-dynamic-HRLE.frro
07-13 04:20:49.361  4291  4291 D MiuiCameraCoveredManager: java.lang.NullPointerException: Attempt to invoke virtual method 'java.lang.String android.provider.MiuiSettings$SettingsCloudData$CloudData.getString(java.lang.String, java.lang.String)' on a null object reference
07-13 04:20:49.362  4291  4291 I ForceDarkHelperStubImpl: setViewRootImplForceDark: false for io.najishab.najibox.ui.profile.WireGuardSettingsActivity@53042a4, reason: AppDarkModeEnable
07-13 04:20:49.381  4291  4291 D MiuiCameraCoveredManager: java.lang.NullPointerException: Attempt to invoke virtual method 'java.lang.String android.provider.MiuiSettings$SettingsCloudData$CloudData.getString(java.lang.String, java.lang.String)' on a null object reference
07-13 04:20:49.382  4291  4291 I ForceDarkHelperStubImpl: setViewRootImplForceDark: false for io.najishab.najibox.ui.profile.WireGuardSettingsActivity@53042a4, reason: AppDarkModeEnable
07-13 04:20:49.414  4291  4291 I ForceDarkHelperStubImpl: setViewRootImplForceDark: false for io.najishab.najibox.ui.profile.WireGuardSettingsActivity@53042a4, reason: AppDarkModeEnable
07-13 04:20:49.444  4291  4291 I ForceDarkHelperStubImpl: setViewRootImplForceDark: false for io.najishab.najibox.ui.profile.WireGuardSettingsActivity@53042a4, reason: AppDarkModeEnable
07-13 04:20:49.461  4291  4291 D MiuiCameraCoveredManager: java.lang.NullPointerException: Attempt to invoke virtual method 'java.lang.String android.provider.MiuiSettings$SettingsCloudData$CloudData.getString(java.lang.String, java.lang.String)' on a null object reference
07-13 04:20:49.986  4291  4291 D VRI[PopupWindow:3ea]: getMiuiFreeformStackInfo mTmpFrames.miuiFreeFormStackInfo: null
07-13 04:20:49.987  4291  4291 D VRI[PopupWindow:3eb]: getMiuiFreeformStackInfo mTmpFrames.miuiFreeFormStackInfo: null
07-13 04:20:51.912  4291  4291 D VRI[WireGuardSettingsActivity]: getMiuiFreeformStackInfo mTmpFrames.miuiFreeFormStackInfo: null
07-13 04:20:52.014  4291  4291 D DecorViewImmersiveImpl: onDetachedFromWindow
07-13 04:20:52.564  4291  4291 D VRI[WireGuardSettingsActivity]: getMiuiFreeformStackInfo mTmpFrames.miuiFreeFormStackInfo: null
07-13 04:20:52.647  4291  4291 D MiuiCameraCoveredManager: java.lang.NullPointerException: Attempt to invoke virtual method 'java.lang.String android.provider.MiuiSettings$SettingsCloudData$CloudData.getString(java.lang.String, java.lang.String)' on a null object reference
07-13 04:20:52.649  4291  4291 I ForceDarkHelperStubImpl: setViewRootImplForceDark: false for io.najishab.najibox.ui.profile.WireGuardSettingsActivity@53042a4, reason: AppDarkModeEnable
07-13 04:20:52.651  4291  4291 D InsetsController: Setting requestedVisibleTypes to -1 (was -9)
07-13 04:20:52.711  4291  4291 I ForceDarkHelperStubImpl: setViewRootImplForceDark: false for io.najishab.najibox.ui.profile.WireGuardSettingsActivity@53042a4, reason: AppDarkModeEnable
07-13 04:20:56.885  4291  4291 D VRI[WireGuardSettingsActivity]: getMiuiFreeformStackInfo mTmpFrames.miuiFreeFormStackInfo: null
07-13 04:20:56.997  4291  4291 D DecorViewImmersiveImpl: onDetachedFromWindow
07-13 04:20:57.442  4291  4291 D VRI[WireGuardSettingsActivity]: getMiuiFreeformStackInfo mTmpFrames.miuiFreeFormStackInfo: null
07-13 04:20:57.578  4291  4291 I ForceDarkHelperStubImpl: setViewRootImplForceDark: false for io.najishab.najibox.ui.MainActivity@9439193, reason: AppDarkModeEnable
07-13 04:20:57.586  4291  4291 D Activity: Activity = ActivityInfo{629d494 io.najishab.najibox.ui.MainActivity}, Resume onConfigurationChanged = {1.0 432mcc11mnc [en,en_US] ldltr sw407dp w407dp h904dp 480dpi nrml long widecg port finger -keyb/v/h -nav/h winConfig={ mBounds=Rect(0, 0 - 1220, 2712) mAppBounds=Rect(0, 0 - 1220, 2712) mMaxBounds=Rect(0, 0 - 1220, 2712) mDisplayRotation=ROTATION_0 mWindowingMode=fullscreen mActivityType=standard mAlwaysOnTop=undefined mRotation=ROTATION_0 mInSplitScreen=false letterBoxed=false foScaled=false isSpecificEmbedded=false embeddingScale=1.0} s.2 fontWeightAdjustment=0/d/0 themeChanged=0 themeChangedFlags=0 display=0 extraData = Bundle[{}] screenType=0/0}
07-13 04:20:58.193  4291  4291 D DecorViewImmersiveImpl: onDetachedFromWindow
07-13 04:20:58.740  4291  4291 D VRI[MainActivity]: getMiuiFreeformStackInfo mTmpFrames.miuiFreeFormStackInfo: null
07-13 04:20:58.861  4291 10771 I ActivityThread: HardwareRenderer preload  done
07-13 04:20:58.871  4291  4291 D Activity: Activity = ActivityInfo{f05d87a io.najishab.najibox.ui.profile.WireGuardSettingsActivity}, Resume onConfigurationChanged = {1.0 432mcc11mnc [en,en_US] ldltr sw407dp w407dp h904dp 480dpi nrml long widecg port finger -keyb/v/h -nav/h winConfig={ mBounds=Rect(0, 0 - 1220, 2712) mAppBounds=Rect(0, 0 - 1220, 2712) mMaxBounds=Rect(0, 0 - 1220, 2712) mDisplayRotation=ROTATION_0 mWindowingMode=fullscreen mActivityType=standard mAlwaysOnTop=undefined mRotation=ROTATION_0 mInSplitScreen=false letterBoxed=false foScaled=false isSpecificEmbedded=false embeddingScale=1.0} s.2 fontWeightAdjustment=0/d/0 themeChanged=0 themeChangedFlags=0 display=0 extraData = Bundle[{}] screenType=0/0}
07-13 04:20:58.873  4291  4291 D MiuiCameraCoveredManager: java.lang.NullPointerException: Attempt to invoke virtual method 'java.lang.String android.provider.MiuiSettings$SettingsCloudData$CloudData.getString(java.lang.String, java.lang.String)' on a null object reference
07-13 04:20:58.873  4291  4291 I ForceDarkHelperStubImpl: setViewRootImplForceDark: false for io.najishab.najibox.ui.profile.WireGuardSettingsActivity@2087e40, reason: AppDarkModeEnable
07-13 04:20:58.917  4291  4291 D VRI[WireGuardSettingsActivity]: getMiuiFreeformStackInfo mTmpFrames.miuiFreeFormStackInfo: null
07-13 04:20:59.555  4291  4291 D VRI[WireGuardSettingsActivity]: getMiuiFreeformStackInfo mTmpFrames.miuiFreeFormStackInfo: null
07-13 04:20:59.693  4291  4291 D MiuiCameraCoveredManager: java.lang.NullPointerException: Attempt to invoke virtual method 'java.lang.String android.provider.MiuiSettings$SettingsCloudData$CloudData.getString(java.lang.String, java.lang.String)' on a null object reference
07-13 04:20:59.693  4291  4291 I ForceDarkHelperStubImpl: setViewRootImplForceDark: false for io.najishab.najibox.ui.profile.WireGuardSettingsActivity@2087e40, reason: AppDarkModeEnable
07-13 04:20:59.694  4291  4291 D InsetsController: Setting requestedVisibleTypes to -1 (was -9)
07-13 04:20:59.711  4291  4291 I ForceDarkHelperStubImpl: setViewRootImplForceDark: false for io.najishab.najibox.ui.profile.WireGuardSettingsActivity@2087e40, reason: AppDarkModeEnable
07-13 04:21:00.318  4291  4291 D VRI[WireGuardSettingsActivity]: getMiuiFreeformStackInfo mTmpFrames.miuiFreeFormStackInfo: null
07-13 04:21:00.446  4291  4291 D MiuiCameraCoveredManager: java.lang.NullPointerException: Attempt to invoke virtual method 'java.lang.String android.provider.MiuiSettings$SettingsCloudData$CloudData.getString(java.lang.String, java.lang.String)' on a null object reference
07-13 04:21:00.447  4291  4291 I ForceDarkHelperStubImpl: setViewRootImplForceDark: false for io.najishab.najibox.ui.profile.WireGuardSettingsActivity@2087e40, reason: AppDarkModeEnable
07-13 04:21:00.465  4291  4291 I ForceDarkHelperStubImpl: setViewRootImplForceDark: false for io.najishab.najibox.ui.profile.WireGuardSettingsActivity@2087e40, reason: AppDarkModeEnable
07-13 04:21:00.500  4291  4291 D VRI[WireGuardSettingsActivity]: getMiuiFreeformStackInfo mTmpFrames.miuiFreeFormStackInfo: null
07-13 04:21:00.671  4291  4291 I MiResource: invalid cookie from nativeGetResourceValue, cookie = -1, origValue = TypedValue{t=0x3/d=0x2435b "Share" a=1 r=0x1040a9d}, value =TypedValue{t=0x3/d=0x2435b "Share" a=1 r=0x1040a9d}
07-13 04:21:00.671  4291  4291 I MiResource: got NFE for resource ID #0x7f0c0018(2131492888) , isResourceCached = true
07-13 04:21:00.671  4291  4291 W MiResource: Dump android.content.res.MiuiResources@cc3c84e
07-13 04:21:00.671  4291  4291 W MiResource: Dump class=class android.content.res.MiuiResources
07-13 04:21:00.671  4291  4291 W MiResource: Dump resourcesImpl
07-13 04:21:00.671  4291  4291 W MiResource: Dump   class=class android.content.res.MiuiResourcesImpl
07-13 04:21:00.671  4291  4291 W MiResource: Dump   assets
07-13 04:21:00.671  4291  4291 W MiResource: Dump     class=class android.content.res.AssetManager
07-13 04:21:00.671  4291  4291 W MiResource: Dump     apkAssets=
07-13 04:21:00.671  4291  4291 W MiResource: Dump     0
07-13 04:21:00.671  4291  4291 W MiResource: Dump       class=class android.content.res.ApkAssets
07-13 04:21:00.671  4291  4291 W MiResource: Dump       debugName=/system/framework/framework-res.apk
07-13 04:21:00.671  4291  4291 W MiResource: Dump       assetPath=/system/framework/framework-res.apk
07-13 04:21:00.671  4291  4291 W MiResource: Dump     1
07-13 04:21:00.671  4291  4291 W MiResource: Dump       class=class android.content.res.ApkAssets
07-13 04:21:00.671  4291  4291 W MiResource: Dump       debugName=/vendor/overlay/FrameworkResOverlay/FrameworkResOverlay.apk
07-13 04:21:00.671  4291  4291 W MiResource: Dump       assetPath=/vendor/overlay/FrameworkResOverlay/FrameworkResOverlay.apk
07-13 04:21:00.671  4291  4291 W MiResource: Dump     2
07-13 04:21:00.671  4291  4291 W MiResource: Dump       class=class android.content.res.ApkAssets
07-13 04:21:00.671  4291  4291 W MiResource: Dump       debugName=/vendor/overlay/FrameworkResOverlayExt/FrameworkResOverlayExt.apk
07-13 04:21:00.671  4291  4291 W MiResource: Dump       assetPath=/vendor/overlay/FrameworkResOverlayExt/FrameworkResOverlayExt.apk
07-13 04:21:00.671  4291  4291 W MiResource: Dump     3
07-13 04:21:00.671  4291  4291 W MiResource: Dump       class=class android.content.res.ApkAssets
07-13 04:21:00.671  4291  4291 W MiResource: Dump       debugName=/product/overlay/CaptivePortalLoginFrameworkOverlay.apk
07-13 04:21:00.671  4291  4291 W MiResource: Dump       assetPath=/product/overlay/CaptivePortalLoginFrameworkOverlay.apk
07-13 04:21:00.671  4291  4291 W MiResource: Dump     4
07-13 04:21:00.671  4291  4291 W MiResource: Dump       class=class android.content.res.ApkAssets
07-13 04:21:00.671  4291  4291 W MiResource: Dump       debugName=/product/overlay/CircleToSearchOverlay.apk
07-13 04:21:00.671  4291  4291 W MiResource: Dump       assetPath=/product/overlay/CircleToSearchOverlay.apk
07-13 04:21:00.671  4291  4291 W MiResource: Dump     5
07-13 04:21:00.671  4291  4291 W MiResource: Dump       class=class android.content.res.ApkAssets
07-13 04:21:00.671  4291  4291 W MiResource: Dump       debugName=/product/overlay/GmsConfigOverlayASI_Infrastructure.apk
07-13 04:21:00.671  4291  4291 W MiResource: Dump       assetPath=/product/overlay/GmsConfigOverlayASI_Infrastructure.apk
07-13 04:21:00.671  4291  4291 W MiResource: Dump     6
07-13 04:21:00.671  4291  4291 W MiResource: Dump       class=class android.content.res.ApkAssets
07-13 04:21:00.671  4291  4291 W MiResource: Dump       debugName=/product/overlay/GmsConfigOverlayCommon.apk
07-13 04:21:00.671  4291  4291 W MiResource: Dump       assetPath=/product/overlay/GmsConfigOverlayCommon.apk
07-13 04:21:00.671  4291  4291 W MiResource: Dump     7
07-13 04:21:00.671  4291  4291 W MiResource: Dump       class=class android.content.res.ApkAssets
07-13 04:21:00.671  4291  4291 W MiResource: Dump       debugName=/product/overlay/GmsConfigOverlayComms.apk
07-13 04:21:00.671  4291  4291 W MiResource: Dump       assetPath=/product/overlay/GmsConfigOverlayComms.apk
07-13 04:21:00.671  4291  4291 W MiResource: Dump     8
07-13 04:21:00.671  4291  4291 W MiResource: Dump       class=class android.content.res.ApkAssets
07-13 04:21:00.671  4291  4291 W MiResource: Dump       debugName=/product/overlay/GmsConfigOverlayGSA.apk
07-13 04:21:00.671  4291  4291 W MiResource: Dump       assetPath=/product/overlay/GmsConfigOverlayGSA.apk
07-13 04:21:00.671  4291  4291 W MiResource: Dump     9
07-13 04:21:00.671  4291  4291 W MiResource: Dump       class=class android.content.res.ApkAssets
07-13 04:21:00.671  4291  4291 W MiResource: Dump       debugName=/product/overlay/GmsConfigOverlayGeotz.apk
07-13 04:21:00.671  4291  4291 W MiResource: Dump       assetPath=/product/overlay/GmsConfigOverlayGeotz.apk
07-13 04:21:00.671  4291  4291 W MiResource: Dump     10
07-13 04:21:00.671  4291  4291 W MiResource: Dump       class=class android.content.res.ApkAssets
07-13 04:21:00.671  4291  4291 W MiResource: Dump       debugName=/product/overlay/GmsConfigOverlayPersonalSafety.apk
07-13 04:21:00.671  4291  4291 W MiResource: Dump       assetPath=/product/overlay/GmsConfigOverlayPersonalSafety.apk
07-13 04:21:00.671  4291  4291 W MiResource: Dump     11
07-13 04:21:00.671  4291  4291 W MiResource: Dump       class=class android.content.res.ApkAssets
07-13 04:21:00.671  4291  4291 W MiResource: Dump       debugName=/product/overlay/GmsConfigOverlayPhotos.apk
07-13 04:21:00.671  4291  4291 W MiResource: Dump       assetPath=/product/overlay/GmsConfigOverlayPhotos.apk
07-13 04:21:00.671  4291  4291 W MiResource: Dump     12
07-13 04:21:00.671  4291  4291 W MiResource: Dump       class=class android.content.res.ApkAssets
07-13 04:21:00.671  4291  4291 W MiResource: Dump       debugName=/product/overlay/GoogleExtServicesConfigOverlay.apk
07-13 04:21:00.671  4291  4291 W MiResource: Dump       assetPath=/product/overlay/GoogleExtServicesConfigOverlay.apk
07-13 04:21:00.671  4291  4291 W MiResource: Dump     13
07-13 04:21:00.671  4291  4291 W MiResource: Dump       class=class android.content.res.ApkAssets
07-13 04:21:00.671  4291  4291 W MiResource: Dump       debugName=/product/overlay/GoogleHealthFitnessFrameworkOverlay.apk
07-13 04:21:00.671  4291  4291 W MiResource: Dump       assetPath=/product/overlay/GoogleHealthFitnessFrameworkOverlay.apk
07-13 04:21:00.671  4291  4291 W MiResource: Dump     14
07-13 04:21:00.671  4291  4291 W MiResource: Dump       class=class android.content.res.ApkAssets
07-13 04:21:00.671  4291  4291 W MiResource: Dump       debugName=/product/overlay/GooglePermissionControllerFrameworkOverlay.apk
07-13 04:21:00.671  4291  4291 W MiResource: Dump       assetPath=/product/overlay/GooglePermissionControllerFrameworkOverlay.apk
07-13 04:21:00.671  4291  4291 W MiResource: Dump     15
07-13 04:21:00.671  4291  4291 W MiResource: Dump       class=class android.content.res.ApkAssets
07-13 04:21:00.671  4291  4291 W MiResource: Dump       debugName=/product/overlay/MiuiServiceOverlay/MiuiServiceOverlay.apk
07-13 04:21:00.671  4291  4291 W MiResource: Dump       assetPath=/product/overlay/MiuiServiceOverlay/MiuiServiceOverlay.apk
07-13 04:21:00.671  4291  4291 W MiResource: Dump     16
07-13 04:21:00.671  4291  4291 W MiResource: Dump       class=class android.content.res.ApkAssets
07-13 04:21:00.671  4291  4291 W MiResource: Dump       debugName=/product/overlay/ModuleMetadataGoogleOverlay.apk
07-13 04:21:00.671  4291  4291 W MiResource: Dump       assetPath=/product/overlay/ModuleMetadataGoogleOverlay.apk
07-13 04:21:00.671  4291  4291 W MiResource: Dump     17
07-13 04:21:00.671  4291  4291 W MiResource: Dump       class=class android.content.res.ApkAssets
07-13 04:21:00.671  4291  4291 W MiResource: Dump       debugName=/product/overlay/framework-res__nosdcard__auto_generated_characteristics_rro.apk
07-13 04:21:00.671  4291  4291 W MiResource: Dump       assetPath=/product/overlay/framework-res__nosdcard__auto_generated_characteristics_rro.apk
07-13 04:21:00.671  4291  4291 W MiResource: Dump     18
07-13 04:21:00.671  4291  4291 W MiResource: Dump       class=class android.content.res.ApkAssets
07-13 04:21:00.671  4291  4291 W MiResource: Dump       debugName=/product/overlay/MiuiPocoLauncherResOverlay.apk
07-13 04:21:00.671  4291  4291 W MiResource: Dump       assetPath=/product/overlay/MiuiPocoLauncherResOverlay.apk
07-13 04:21:00.671  4291  4291 W MiResource: Dump     19
07-13 04:21:00.671  4291  4291 W MiResource: Dump       class=class android.content.res.ApkAssets
07-13 04:21:00.671  4291  4291 W MiResource: Dump       debugName=/product/overlay/AospFrameworkResOverlay.apk
07-13 04:21:00.671  4291  4291 W MiResource: Dump       assetPath=/product/overlay/AospFrameworkResOverlay.apk
07-13 04:21:00.671  4291  4291 W MiResource: Dump     20
07-13 04:21:00.671  4291  4291 W MiResource: Dump       class=class android.content.res.ApkAssets
07-13 04:21:00.671  4291  4291 W MiResource: Dump       debugName=/product/overlay/DevicesAndroidOverlay.apk
07-13 04:21:00.671  4291  4291 W MiResource: Dump       assetPath=/product/overlay/DevicesAndroidOverlay.apk
07-13 04:21:00.671  4291  4291 W MiResource: Dump     21
07-13 04:21:00.671  4291  4291 W MiResource: Dump       class=class android.content.res.ApkAssets
07-13 04:21:00.671  4291  4291 W MiResource: Dump       debugName=/product/overlay/MiuiPOCOWallpaperOverlay.apk
07-13 04:21:00.671  4291  4291 W MiResource: Dump       assetPath=/product/overlay/MiuiPOCOWallpaperOverlay.apk
07-13 04:21:00.671  4291  4291 W MiResource: Dump     22
07-13 04:21:00.671  4291  4291 W MiResource: Dump       class=class android.content.res.ApkAssets
07-13 04:21:00.671  4291  4291 W MiResource: Dump       debugName=/product/overlay/AospFrameworkTelephonyResOverlay.apk
07-13 04:21:00.671  4291  4291 W MiResource: Dump       assetPath=/product/overlay/AospFrameworkTelephonyResOverlay.apk
07-13 04:21:00.671  4291  4291 W MiResource: Dump     23
07-13 04:21:00.671  4291  4291 W MiResource: Dump       class=class android.content.res.ApkAssets
07-13 04:21:00.671  4291  4291 W MiResource: Dump       debugName=/system_ext/framework/framework-ext-res/framework-ext-res.apk
07-13 04:21:00.671  4291  4291 W MiResource: Dump       assetPath=/system_ext/framework/framework-ext-res/framework-ext-res.apk
07-13 04:21:00.671  4291  4291 W MiResource: Dump     24
07-13 04:21:00.671  4291  4291 W MiResource: Dump       class=class android.content.res.ApkAssets
07-13 04:21:00.671  4291  4291 W MiResource: Dump       debugName=/product/overlay/MiuiFrameworkResOverlay.apk
07-13 04:21:00.671  4291  4291 W MiResource: Dump       assetPath=/product/overlay/MiuiFrameworkResOverlay.apk
07-13 04:21:00.671  4291  4291 W MiResource: Dump     25
07-13 04:21:00.671  4291  4291 W MiResource: Dump       class=class android.content.res.ApkAssets
07-13 04:21:00.671  4291  4291 W MiResource: Dump       debugName=/product/overlay/MiuiFrameworkTelephonyResOverlay.apk
07-13 04:21:00.671  4291  4291 W MiResource: Dump       assetPath=/product/overlay/MiuiFrameworkTelephonyResOverlay.apk
07-13 04:21:00.671  4291  4291 W MiResource: Dump     26
07-13 04:21:00.671  4291  4291 W MiResource: Dump       class=class android.content.res.ApkAssets
07-13 04:21:00.671  4291  4291 W MiResource: Dump       debugName=/system_ext/app/mediatek-res/mediatek-res.apk
07-13 04:21:00.671  4291  4291 W MiResource: Dump       assetPath=/system_ext/app/mediatek-res/mediatek-res.apk
07-13 04:21:00.671  4291  4291 W MiResource: Dump     27
07-13 04:21:00.671  4291  4291 W MiResource: Dump       class=class android.content.res.ApkAssets
07-13 04:21:00.671  4291  4291 W MiResource: Dump       debugName=/data/app/~~4-mr-XR5p2BlXIuvrJDV2A==/io.najishab.najibox-7l9MFSrIrbJaqszy-q9JwA==/base.apk
07-13 04:21:00.671  4291  4291 W MiResource: Dump       assetPath=/data/app/~~4-mr-XR5p2BlXIuvrJDV2A==/io.najishab.najibox-7l9MFSrIrbJaqszy-q9JwA==/base.apk
07-13 04:21:00.671  4291  4291 W MiResource: Dump     28
07-13 04:21:00.671  4291  4291 W MiResource: Dump       class=class android.content.res.ApkAssets
07-13 04:21:00.671  4291  4291 W MiResource: Dump       debugName=/product/overlay/GestureLineOverlay.apk
07-13 04:21:00.671  4291  4291 W MiResource: Dump       assetPath=/product/overlay/GestureLineOverlay.apk
07-13 04:21:00.671  4291  4291 W MiResource: Dump     29
07-13 04:21:00.671  4291  4291 W MiResource: Dump       class=class android.content.res.ApkAssets
07-13 04:21:00.671  4291  4291 W MiResource: Dump       debugName=/data/resource-cache/com.android.systemui-neutral-iy1t.frro
07-13 04:21:00.671  4291  4291 W MiResource: Dump       assetPath=/data/resource-cache/com.android.systemui-neutral-iy1t.frro
07-13 04:21:00.671  4291  4291 W MiResource: Dump     30
07-13 04:21:00.671  4291  4291 W MiResource: Dump       class=class android.content.res.ApkAssets
07-13 04:21:00.671  4291  4291 W MiResource: Dump       debugName=/data/resource-cache/com.android.systemui-accent-jRBw.frro
07-13 04:21:00.671  4291  4291 W MiResource: Dump       assetPath=/data/resource-cache/com.android.systemui-accent-jRBw.frro
07-13 04:21:00.671  4291  4291 W MiResource: Dump     31
07-13 04:21:00.671  4291  4291 W MiResource: Dump       class=class android.content.res.ApkAssets
07-13 04:21:00.671  4291  4291 W MiResource: Dump       debugName=/data/resource-cache/com.android.systemui-dynamic-HRLE.frro
07-13 04:21:00.671  4291  4291 W MiResource: Dump       assetPath=/data/resource-cache/com.android.systemui-dynamic-HRLE.frro
07-13 04:21:00.679  4291  4291 D MiuiCameraCoveredManager: java.lang.NullPointerException: Attempt to invoke virtual method 'java.lang.String android.provider.MiuiSettings$SettingsCloudData$CloudData.getString(java.lang.String, java.lang.String)' on a null object reference
07-13 04:21:00.680  4291  4291 I ForceDarkHelperStubImpl: setViewRootImplForceDark: false for io.najishab.najibox.ui.profile.WireGuardSettingsActivity@2087e40, reason: AppDarkModeEnable
07-13 04:21:00.685  4291  4291 D MiuiCameraCoveredManager: java.lang.NullPointerException: Attempt to invoke virtual method 'java.lang.String android.provider.MiuiSettings$SettingsCloudData$CloudData.getString(java.lang.String, java.lang.String)' on a null object reference
07-13 04:21:00.685  4291  4291 I ForceDarkHelperStubImpl: setViewRootImplForceDark: false for io.najishab.najibox.ui.profile.WireGuardSettingsActivity@2087e40, reason: AppDarkModeEnable
07-13 04:21:00.697  4291  4291 I ForceDarkHelperStubImpl: setViewRootImplForceDark: false for io.najishab.najibox.ui.profile.WireGuardSettingsActivity@2087e40, reason: AppDarkModeEnable
07-13 04:21:00.712  4291  4291 I ForceDarkHelperStubImpl: setViewRootImplForceDark: false for io.najishab.najibox.ui.profile.WireGuardSettingsActivity@2087e40, reason: AppDarkModeEnable
07-13 04:21:00.738  4291  4291 D MiuiCameraCoveredManager: java.lang.NullPointerException: Attempt to invoke virtual method 'java.lang.String android.provider.MiuiSettings$SettingsCloudData$CloudData.getString(java.lang.String, java.lang.String)' on a null object reference
07-13 04:21:01.325  4291  4291 D VRI[PopupWindow:3ea]: getMiuiFreeformStackInfo mTmpFrames.miuiFreeFormStackInfo: null
07-13 04:21:01.326  4291  4291 D VRI[PopupWindow:3eb]: getMiuiFreeformStackInfo mTmpFrames.miuiFreeFormStackInfo: null
07-13 04:21:02.191  4291  4291 D VRI[WireGuardSettingsActivity]: getMiuiFreeformStackInfo mTmpFrames.miuiFreeFormStackInfo: null
07-13 04:21:02.321  4291  4291 D VRI[WireGuardSettingsActivity]: getMiuiFreeformStackInfo mTmpFrames.miuiFreeFormStackInfo: null
07-13 04:21:02.538  4291  4291 D VRI[WireGuardSettingsActivity]: getMiuiFreeformStackInfo mTmpFrames.miuiFreeFormStackInfo: null
07-13 04:21:03.217  4291  4291 D VRI[WireGuardSettingsActivity]: getMiuiFreeformStackInfo mTmpFrames.miuiFreeFormStackInfo: null
07-13 04:21:03.402  4291  4291 D VRI[WireGuardSettingsActivity]: getMiuiFreeformStackInfo mTmpFrames.miuiFreeFormStackInfo: null
07-13 04:21:03.567  4291  4291 D VRI[WireGuardSettingsActivity]: getMiuiFreeformStackInfo mTmpFrames.miuiFreeFormStackInfo: null
07-13 04:21:04.825  4291  4291 D VRI[WireGuardSettingsActivity]: getMiuiFreeformStackInfo mTmpFrames.miuiFreeFormStackInfo: null
07-13 04:21:04.913  4291  4291 D DecorViewImmersiveImpl: onDetachedFromWindow
07-13 04:21:05.377  4291  4291 D VRI[WireGuardSettingsActivity]: getMiuiFreeformStackInfo mTmpFrames.miuiFreeFormStackInfo: null
07-13 04:21:05.458  4291  4291 D MiuiCameraCoveredManager: java.lang.NullPointerException: Attempt to invoke virtual method 'java.lang.String android.provider.MiuiSettings$SettingsCloudData$CloudData.getString(java.lang.String, java.lang.String)' on a null object reference
07-13 04:21:05.459  4291  4291 I ForceDarkHelperStubImpl: setViewRootImplForceDark: false for io.najishab.najibox.ui.profile.WireGuardSettingsActivity@2087e40, reason: AppDarkModeEnable
07-13 04:21:05.460  4291  4291 D InsetsController: Setting requestedVisibleTypes to -1 (was -9)
07-13 04:21:05.494  4291  4291 I ForceDarkHelperStubImpl: setViewRootImplForceDark: false for io.najishab.najibox.ui.profile.WireGuardSettingsActivity@2087e40, reason: AppDarkModeEnable
07-13 04:21:06.283  4291  4291 D VRI[WireGuardSettingsActivity]: getMiuiFreeformStackInfo mTmpFrames.miuiFreeFormStackInfo: null
07-13 04:21:06.366  4291  4291 D DecorViewImmersiveImpl: onDetachedFromWindow
07-13 04:21:06.741  4291  4291 D VRI[WireGuardSettingsActivity]: getMiuiFreeformStackInfo mTmpFrames.miuiFreeFormStackInfo: null
07-13 04:21:06.863  4291  4291 D MiuiCameraCoveredManager: java.lang.NullPointerException: Attempt to invoke virtual method 'java.lang.String android.provider.MiuiSettings$SettingsCloudData$CloudData.getString(java.lang.String, java.lang.String)' on a null object reference
07-13 04:21:06.865  4291  4291 I ForceDarkHelperStubImpl: setViewRootImplForceDark: false for io.najishab.najibox.ui.profile.WireGuardSettingsActivity@2087e40, reason: AppDarkModeEnable
07-13 04:21:06.868  4291  4291 D InsetsController: Setting requestedVisibleTypes to -1 (was -9)
07-13 04:21:06.911  4291  4291 I ForceDarkHelperStubImpl: setViewRootImplForceDark: false for io.najishab.najibox.ui.profile.WireGuardSettingsActivity@2087e40, reason: AppDarkModeEnable
07-13 04:21:10.015  4291  4291 D VRI[WireGuardSettingsActivity]: getMiuiFreeformStackInfo mTmpFrames.miuiFreeFormStackInfo: null
07-13 04:21:10.119  4291  4291 D DecorViewImmersiveImpl: onDetachedFromWindow
07-13 04:21:10.569  4291  4291 D VRI[WireGuardSettingsActivity]: getMiuiFreeformStackInfo mTmpFrames.miuiFreeFormStackInfo: null
07-13 04:21:10.649  4291  4291 I ForceDarkHelperStubImpl: setViewRootImplForceDark: false for io.najishab.najibox.ui.MainActivity@9439193, reason: AppDarkModeEnable
07-13 04:21:10.651  4291  4291 D Activity: Activity = ActivityInfo{629d494 io.najishab.najibox.ui.MainActivity}, Resume onConfigurationChanged = {1.0 432mcc11mnc [en,en_US] ldltr sw407dp w407dp h904dp 480dpi nrml long widecg port finger -keyb/v/h -nav/h winConfig={ mBounds=Rect(0, 0 - 1220, 2712) mAppBounds=Rect(0, 0 - 1220, 2712) mMaxBounds=Rect(0, 0 - 1220, 2712) mDisplayRotation=ROTATION_0 mWindowingMode=fullscreen mActivityType=standard mAlwaysOnTop=undefined mRotation=ROTATION_0 mInSplitScreen=false letterBoxed=false foScaled=false isSpecificEmbedded=false embeddingScale=1.0} s.2 fontWeightAdjustment=0/d/0 themeChanged=0 themeChangedFlags=0 display=0 extraData = Bundle[{}] screenType=0/0}
07-13 04:21:11.243  4291  4291 D DecorViewImmersiveImpl: onDetachedFromWindow
07-13 04:21:11.416  4291  4291 D VRI[MainActivity]: getMiuiFreeformStackInfo mTmpFrames.miuiFreeFormStackInfo: null
07-13 04:21:16.509  4291  4291 D VRI[MainActivity]: getMiuiFreeformStackInfo mTmpFrames.miuiFreeFormStackInfo: null
07-13 04:21:37.710  4291  4291 I ForceDarkHelperStubImpl: setViewRootImplForceDark: false for io.najishab.najibox.ui.MainActivity@9439193, reason: AppDarkModeEnable
07-13 04:21:37.753  4291  4291 D Activity: Activity = ActivityInfo{629d494 io.najishab.najibox.ui.MainActivity}, Resume onConfigurationChanged = {1.0 432mcc11mnc [en,en_US] ldltr sw407dp w407dp h904dp 480dpi nrml long widecg port finger -keyb/v/h -nav/h winConfig={ mBounds=Rect(0, 0 - 1220, 2712) mAppBounds=Rect(0, 0 - 1220, 2712) mMaxBounds=Rect(0, 0 - 1220, 2712) mDisplayRotation=ROTATION_0 mWindowingMode=fullscreen mActivityType=standard mAlwaysOnTop=undefined mRotation=ROTATION_0 mInSplitScreen=false letterBoxed=false foScaled=false isSpecificEmbedded=false embeddingScale=1.0} s.2 fontWeightAdjustment=0/d/0 themeChanged=0 themeChangedFlags=0 display=0 extraData = Bundle[{}] screenType=0/0}
07-13 04:21:38.400  4291  4291 D VRI[MainActivity]: getMiuiFreeformStackInfo mTmpFrames.miuiFreeFormStackInfo: null
07-13 04:21:38.455  4291  4291 D MiuiCameraCoveredManager: java.lang.NullPointerException: Attempt to invoke virtual method 'java.lang.String android.provider.MiuiSettings$SettingsCloudData$CloudData.getString(java.lang.String, java.lang.String)' on a null object reference
07-13 04:21:38.456  4291  4291 I ForceDarkHelperStubImpl: setViewRootImplForceDark: false for io.najishab.najibox.ui.MainActivity@9439193, reason: AppDarkModeEnable
07-13 04:21:38.474  4291  4291 I ForceDarkHelperStubImpl: setViewRootImplForceDark: false for io.najishab.najibox.ui.MainActivity@9439193, reason: AppDarkModeEnable
07-13 04:21:39.178  4291  4291 D VRI[PopupWindow:b489b8a]: getMiuiFreeformStackInfo mTmpFrames.miuiFreeFormStackInfo: null
07-13 04:21:40.422  4291  4291 D VRI[MainActivity]: getMiuiFreeformStackInfo mTmpFrames.miuiFreeFormStackInfo: null
07-13 04:21:41.710  4291  4291 D VRI[MainActivity]: getMiuiFreeformStackInfo mTmpFrames.miuiFreeFormStackInfo: null
07-13 04:21:42.441  4291  4291 D VRI[MainActivity]: getMiuiFreeformStackInfo mTmpFrames.miuiFreeFormStackInfo: null
07-13 04:21:44.743  4291 11786 W BpBinder: PerfMonitor binderTransact: time=3006ms interface=io.najishab.najibox.aidl.ISagerNetService code=5
07-13 04:21:45.752  4291  4291 D VRI[MainActivity]: getMiuiFreeformStackInfo mTmpFrames.miuiFreeFormStackInfo: null
07-13 04:21:46.577  4291  4291 D VRI[MainActivity]: getMiuiFreeformStackInfo mTmpFrames.miuiFreeFormStackInfo: null
07-13 04:21:47.106  4291  4291 D VRI[MainActivity]: getMiuiFreeformStackInfo mTmpFrames.miuiFreeFormStackInfo: null
07-13 04:21:47.623  4291  4291 D VRI[MainActivity]: getMiuiFreeformStackInfo mTmpFrames.miuiFreeFormStackInfo: null
07-13 04:21:55.763  4291  4291 I ForceDarkHelperStubImpl: setViewRootImplForceDark: false for io.najishab.najibox.ui.MainActivity@9439193, reason: AppDarkModeEnable
07-13 04:21:55.776  4291  4291 D Activity: Activity = ActivityInfo{629d494 io.najishab.najibox.ui.MainActivity}, Resume onConfigurationChanged = {1.0 432mcc11mnc [en,en_US] ldltr sw407dp w407dp h904dp 480dpi nrml long widecg port finger -keyb/v/h -nav/h winConfig={ mBounds=Rect(0, 0 - 1220, 2712) mAppBounds=Rect(0, 0 - 1220, 2712) mMaxBounds=Rect(0, 0 - 1220, 2712) mDisplayRotation=ROTATION_0 mWindowingMode=fullscreen mActivityType=standard mAlwaysOnTop=undefined mRotation=ROTATION_0 mInSplitScreen=false letterBoxed=false foScaled=false isSpecificEmbedded=false embeddingScale=1.0} s.2 fontWeightAdjustment=0/d/0 themeChanged=0 themeChangedFlags=0 display=0 extraData = Bundle[{}] screenType=0/0}
07-13 04:21:56.430  4291  4291 D VRI[MainActivity]: getMiuiFreeformStackInfo mTmpFrames.miuiFreeFormStackInfo: null
07-13 04:21:56.504  4291 10771 I ActivityThread: HardwareRenderer preload  done
07-13 04:21:56.506  4291  4291 V Resources: Updating configuration, with default locale en-US and selected locales [en, en-US]
07-13 04:21:56.514  4291  4291 D Activity: Activity = ActivityInfo{9d7d1c4 io.najishab.najibox.ui.profile.WireGuardSettingsActivity}, Resume onConfigurationChanged = {1.0 432mcc11mnc [en,en_US] ldltr sw407dp w407dp h904dp 480dpi nrml long widecg port finger -keyb/v/h -nav/h winConfig={ mBounds=Rect(0, 0 - 1220, 2712) mAppBounds=Rect(0, 0 - 1220, 2712) mMaxBounds=Rect(0, 0 - 1220, 2712) mDisplayRotation=ROTATION_0 mWindowingMode=fullscreen mActivityType=standard mAlwaysOnTop=undefined mRotation=ROTATION_0 mInSplitScreen=false letterBoxed=false foScaled=false isSpecificEmbedded=false embeddingScale=1.0} s.2 fontWeightAdjustment=0/d/0 themeChanged=0 themeChangedFlags=0 display=0 extraData = Bundle[{}] screenType=0/0}
07-13 04:21:56.516  4291  4291 D MiuiCameraCoveredManager: java.lang.NullPointerException: Attempt to invoke virtual method 'java.lang.String android.provider.MiuiSettings$SettingsCloudData$CloudData.getString(java.lang.String, java.lang.String)' on a null object reference
07-13 04:21:56.517  4291  4291 I ForceDarkHelperStubImpl: setViewRootImplForceDark: false for io.najishab.najibox.ui.profile.WireGuardSettingsActivity@af52b85, reason: AppDarkModeEnable
07-13 04:21:56.564  4291  4291 D VRI[WireGuardSettingsActivity]: getMiuiFreeformStackInfo mTmpFrames.miuiFreeFormStackInfo: null
07-13 04:21:57.323  4291  4291 D VRI[WireGuardSettingsActivity]: getMiuiFreeformStackInfo mTmpFrames.miuiFreeFormStackInfo: null
07-13 04:21:57.399  4291  4291 D MiuiCameraCoveredManager: java.lang.NullPointerException: Attempt to invoke virtual method 'java.lang.String android.provider.MiuiSettings$SettingsCloudData$CloudData.getString(java.lang.String, java.lang.String)' on a null object reference
07-13 04:21:57.400  4291  4291 I ForceDarkHelperStubImpl: setViewRootImplForceDark: false for io.najishab.najibox.ui.profile.WireGuardSettingsActivity@af52b85, reason: AppDarkModeEnable
07-13 04:21:57.402  4291  4291 D InsetsController: Setting requestedVisibleTypes to -1 (was -9)
07-13 04:21:57.444  4291  4291 I ForceDarkHelperStubImpl: setViewRootImplForceDark: false for io.najishab.najibox.ui.profile.WireGuardSettingsActivity@af52b85, reason: AppDarkModeEnable
07-13 04:21:58.025  4291  4291 D VRI[WireGuardSettingsActivity]: getMiuiFreeformStackInfo mTmpFrames.miuiFreeFormStackInfo: null
07-13 04:21:58.134  4291  4291 D MiuiCameraCoveredManager: java.lang.NullPointerException: Attempt to invoke virtual method 'java.lang.String android.provider.MiuiSettings$SettingsCloudData$CloudData.getString(java.lang.String, java.lang.String)' on a null object reference
07-13 04:21:58.135  4291  4291 I ForceDarkHelperStubImpl: setViewRootImplForceDark: false for io.najishab.najibox.ui.profile.WireGuardSettingsActivity@af52b85, reason: AppDarkModeEnable
07-13 04:21:58.161  4291  4291 I ForceDarkHelperStubImpl: setViewRootImplForceDark: false for io.najishab.najibox.ui.profile.WireGuardSettingsActivity@af52b85, reason: AppDarkModeEnable
07-13 04:21:58.201  4291  4291 D VRI[WireGuardSettingsActivity]: getMiuiFreeformStackInfo mTmpFrames.miuiFreeFormStackInfo: null
07-13 04:21:58.323  4291  4291 V Resources: Updating configuration, with default locale en-US and selected locales [en, en-US]
07-13 04:21:58.360  4291  4291 V Resources: Updating configuration, with default locale en-US and selected locales [en, en-US]
07-13 04:21:58.363  4291  4291 V Resources: Updating configuration, with default locale en-US and selected locales [en, en-US]
07-13 04:21:58.366  4291  4291 V Resources: Updating configuration, with default locale en-US and selected locales [en, en-US]
07-13 04:21:58.368  4291  4291 V Resources: Updating configuration, with default locale en-US and selected locales [en, en-US]
07-13 04:21:58.369  4291  4291 V Resources: Updating configuration, with default locale en-US and selected locales [en, en-US]
07-13 04:21:58.371  4291  4291 V Resources: Updating configuration, with default locale en-US and selected locales [en, en-US]
07-13 04:21:58.373  4291  4291 V Resources: Updating configuration, with default locale en-US and selected locales [en, en-US]
07-13 04:21:58.375  4291  4291 V Resources: Updating configuration, with default locale en-US and selected locales [en, en-US]
07-13 04:21:58.377  4291  4291 V Resources: Updating configuration, with default locale en-US and selected locales [en, en-US]
07-13 04:21:58.378  4291  4291 V Resources: Updating configuration, with default locale en-US and selected locales [en, en-US]
07-13 04:21:58.382  4291  4291 V Resources: Updating configuration, with default locale en-US and selected locales [en, en-US]
07-13 04:21:58.384  4291  4291 I MiResource: invalid cookie from nativeGetResourceValue, cookie = -1, origValue = TypedValue{t=0x3/d=0x2435b "Share" a=1 r=0x1040a9d}, value =TypedValue{t=0x3/d=0x2435b "Share" a=1 r=0x1040a9d}
07-13 04:21:58.384  4291  4291 I MiResource: got NFE for resource ID #0x7f0c0018(2131492888) , isResourceCached = true
07-13 04:21:58.384  4291  4291 W MiResource: Dump android.content.res.MiuiResources@cc3c84e
07-13 04:21:58.384  4291  4291 W MiResource: Dump class=class android.content.res.MiuiResources
07-13 04:21:58.384  4291  4291 W MiResource: Dump resourcesImpl
07-13 04:21:58.384  4291  4291 W MiResource: Dump   class=class android.content.res.MiuiResourcesImpl
07-13 04:21:58.384  4291  4291 W MiResource: Dump   assets
07-13 04:21:58.384  4291  4291 W MiResource: Dump     class=class android.content.res.AssetManager
07-13 04:21:58.384  4291  4291 W MiResource: Dump     apkAssets=
07-13 04:21:58.384  4291  4291 W MiResource: Dump     0
07-13 04:21:58.384  4291  4291 W MiResource: Dump       class=class android.content.res.ApkAssets
07-13 04:21:58.384  4291  4291 W MiResource: Dump       debugName=/system/framework/framework-res.apk
07-13 04:21:58.384  4291  4291 W MiResource: Dump       assetPath=/system/framework/framework-res.apk
07-13 04:21:58.384  4291  4291 W MiResource: Dump     1
07-13 04:21:58.384  4291  4291 W MiResource: Dump       class=class android.content.res.ApkAssets
07-13 04:21:58.384  4291  4291 W MiResource: Dump       debugName=/vendor/overlay/FrameworkResOverlay/FrameworkResOverlay.apk
07-13 04:21:58.384  4291  4291 W MiResource: Dump       assetPath=/vendor/overlay/FrameworkResOverlay/FrameworkResOverlay.apk
07-13 04:21:58.384  4291  4291 W MiResource: Dump     2
07-13 04:21:58.384  4291  4291 W MiResource: Dump       class=class android.content.res.ApkAssets
07-13 04:21:58.384  4291  4291 W MiResource: Dump       debugName=/vendor/overlay/FrameworkResOverlayExt/FrameworkResOverlayExt.apk
07-13 04:21:58.384  4291  4291 W MiResource: Dump       assetPath=/vendor/overlay/FrameworkResOverlayExt/FrameworkResOverlayExt.apk
07-13 04:21:58.384  4291  4291 W MiResource: Dump     3
07-13 04:21:58.384  4291  4291 W MiResource: Dump       class=class android.content.res.ApkAssets
07-13 04:21:58.384  4291  4291 W MiResource: Dump       debugName=/product/overlay/CaptivePortalLoginFrameworkOverlay.apk
07-13 04:21:58.384  4291  4291 W MiResource: Dump       assetPath=/product/overlay/CaptivePortalLoginFrameworkOverlay.apk
07-13 04:21:58.384  4291  4291 W MiResource: Dump     4
07-13 04:21:58.384  4291  4291 W MiResource: Dump       class=class android.content.res.ApkAssets
07-13 04:21:58.384  4291  4291 W MiResource: Dump       debugName=/product/overlay/CircleToSearchOverlay.apk
07-13 04:21:58.384  4291  4291 W MiResource: Dump       assetPath=/product/overlay/CircleToSearchOverlay.apk
07-13 04:21:58.384  4291  4291 W MiResource: Dump     5
07-13 04:21:58.384  4291  4291 W MiResource: Dump       class=class android.content.res.ApkAssets
07-13 04:21:58.384  4291  4291 W MiResource: Dump       debugName=/product/overlay/GmsConfigOverlayASI_Infrastructure.apk
07-13 04:21:58.384  4291  4291 W MiResource: Dump       assetPath=/product/overlay/GmsConfigOverlayASI_Infrastructure.apk
07-13 04:21:58.384  4291  4291 W MiResource: Dump     6
07-13 04:21:58.384  4291  4291 W MiResource: Dump       class=class android.content.res.ApkAssets
07-13 04:21:58.384  4291  4291 W MiResource: Dump       debugName=/product/overlay/GmsConfigOverlayCommon.apk
07-13 04:21:58.384  4291  4291 W MiResource: Dump       assetPath=/product/overlay/GmsConfigOverlayCommon.apk
07-13 04:21:58.384  4291  4291 W MiResource: Dump     7
07-13 04:21:58.384  4291  4291 W MiResource: Dump       class=class android.content.res.ApkAssets
07-13 04:21:58.384  4291  4291 W MiResource: Dump       debugName=/product/overlay/GmsConfigOverlayComms.apk
07-13 04:21:58.384  4291  4291 W MiResource: Dump       assetPath=/product/overlay/GmsConfigOverlayComms.apk
07-13 04:21:58.384  4291  4291 W MiResource: Dump     8
07-13 04:21:58.384  4291  4291 W MiResource: Dump       class=class android.content.res.ApkAssets
07-13 04:21:58.384  4291  4291 W MiResource: Dump       debugName=/product/overlay/GmsConfigOverlayGSA.apk
07-13 04:21:58.384  4291  4291 W MiResource: Dump       assetPath=/product/overlay/GmsConfigOverlayGSA.apk
07-13 04:21:58.384  4291  4291 W MiResource: Dump     9
07-13 04:21:58.384  4291  4291 W MiResource: Dump       class=class android.content.res.ApkAssets
07-13 04:21:58.384  4291  4291 W MiResource: Dump       debugName=/product/overlay/GmsConfigOverlayGeotz.apk
07-13 04:21:58.384  4291  4291 W MiResource: Dump       assetPath=/product/overlay/GmsConfigOverlayGeotz.apk
07-13 04:21:58.384  4291  4291 W MiResource: Dump     10
07-13 04:21:58.384  4291  4291 W MiResource: Dump       class=class android.content.res.ApkAssets
07-13 04:21:58.384  4291  4291 W MiResource: Dump       debugName=/product/overlay/GmsConfigOverlayPersonalSafety.apk
07-13 04:21:58.384  4291  4291 W MiResource: Dump       assetPath=/product/overlay/GmsConfigOverlayPersonalSafety.apk
07-13 04:21:58.384  4291  4291 W MiResource: Dump     11
07-13 04:21:58.384  4291  4291 W MiResource: Dump       class=class android.content.res.ApkAssets
07-13 04:21:58.384  4291  4291 W MiResource: Dump       debugName=/product/overlay/GmsConfigOverlayPhotos.apk
07-13 04:21:58.384  4291  4291 W MiResource: Dump       assetPath=/product/overlay/GmsConfigOverlayPhotos.apk
07-13 04:21:58.384  4291  4291 W MiResource: Dump     12
07-13 04:21:58.384  4291  4291 W MiResource: Dump       class=class android.content.res.ApkAssets
07-13 04:21:58.384  4291  4291 W MiResource: Dump       debugName=/product/overlay/GoogleExtServicesConfigOverlay.apk
07-13 04:21:58.384  4291  4291 W MiResource: Dump       assetPath=/product/overlay/GoogleExtServicesConfigOverlay.apk
07-13 04:21:58.384  4291  4291 W MiResource: Dump     13
07-13 04:21:58.384  4291  4291 W MiResource: Dump       class=class android.content.res.ApkAssets
07-13 04:21:58.384  4291  4291 W MiResource: Dump       debugName=/product/overlay/GoogleHealthFitnessFrameworkOverlay.apk
07-13 04:21:58.384  4291  4291 W MiResource: Dump       assetPath=/product/overlay/GoogleHealthFitnessFrameworkOverlay.apk
07-13 04:21:58.384  4291  4291 W MiResource: Dump     14
07-13 04:21:58.384  4291  4291 W MiResource: Dump       class=class android.content.res.ApkAssets
07-13 04:21:58.384  4291  4291 W MiResource: Dump       debugName=/product/overlay/GooglePermissionControllerFrameworkOverlay.apk
07-13 04:21:58.384  4291  4291 W MiResource: Dump       assetPath=/product/overlay/GooglePermissionControllerFrameworkOverlay.apk
07-13 04:21:58.384  4291  4291 W MiResource: Dump     15
07-13 04:21:58.384  4291  4291 W MiResource: Dump       class=class android.content.res.ApkAssets
07-13 04:21:58.384  4291  4291 W MiResource: Dump       debugName=/product/overlay/MiuiServiceOverlay/MiuiServiceOverlay.apk
07-13 04:21:58.384  4291  4291 W MiResource: Dump       assetPath=/product/overlay/MiuiServiceOverlay/MiuiServiceOverlay.apk
07-13 04:21:58.384  4291  4291 W MiResource: Dump     16
07-13 04:21:58.384  4291  4291 W MiResource: Dump       class=class android.content.res.ApkAssets
07-13 04:21:58.384  4291  4291 W MiResource: Dump       debugName=/product/overlay/ModuleMetadataGoogleOverlay.apk
07-13 04:21:58.384  4291  4291 W MiResource: Dump       assetPath=/product/overlay/ModuleMetadataGoogleOverlay.apk
07-13 04:21:58.384  4291  4291 W MiResource: Dump     17
07-13 04:21:58.384  4291  4291 W MiResource: Dump       class=class android.content.res.ApkAssets
07-13 04:21:58.384  4291  4291 W MiResource: Dump       debugName=/product/overlay/framework-res__nosdcard__auto_generated_characteristics_rro.apk
07-13 04:21:58.384  4291  4291 W MiResource: Dump       assetPath=/product/overlay/framework-res__nosdcard__auto_generated_characteristics_rro.apk
07-13 04:21:58.384  4291  4291 W MiResource: Dump     18
07-13 04:21:58.384  4291  4291 W MiResource: Dump       class=class android.content.res.ApkAssets
07-13 04:21:58.384  4291  4291 W MiResource: Dump       debugName=/product/overlay/MiuiPocoLauncherResOverlay.apk
07-13 04:21:58.384  4291  4291 W MiResource: Dump       assetPath=/product/overlay/MiuiPocoLauncherResOverlay.apk
07-13 04:21:58.384  4291  4291 W MiResource: Dump     19
07-13 04:21:58.384  4291  4291 W MiResource: Dump       class=class android.content.res.ApkAssets
07-13 04:21:58.384  4291  4291 W MiResource: Dump       debugName=/product/overlay/AospFrameworkResOverlay.apk
07-13 04:21:58.384  4291  4291 W MiResource: Dump       assetPath=/product/overlay/AospFrameworkResOverlay.apk
07-13 04:21:58.384  4291  4291 W MiResource: Dump     20
07-13 04:21:58.384  4291  4291 W MiResource: Dump       class=class android.content.res.ApkAssets
07-13 04:21:58.384  4291  4291 W MiResource: Dump       debugName=/product/overlay/DevicesAndroidOverlay.apk
07-13 04:21:58.384  4291  4291 W MiResource: Dump       assetPath=/product/overlay/DevicesAndroidOverlay.apk
07-13 04:21:58.384  4291  4291 W MiResource: Dump     21
07-13 04:21:58.384  4291  4291 W MiResource: Dump       class=class android.content.res.ApkAssets
07-13 04:21:58.384  4291  4291 W MiResource: Dump       debugName=/product/overlay/MiuiPOCOWallpaperOverlay.apk
07-13 04:21:58.384  4291  4291 W MiResource: Dump       assetPath=/product/overlay/MiuiPOCOWallpaperOverlay.apk
07-13 04:21:58.384  4291  4291 W MiResource: Dump     22
07-13 04:21:58.384  4291  4291 W MiResource: Dump       class=class android.content.res.ApkAssets
07-13 04:21:58.384  4291  4291 W MiResource: Dump       debugName=/product/overlay/AospFrameworkTelephonyResOverlay.apk
07-13 04:21:58.384  4291  4291 W MiResource: Dump       assetPath=/product/overlay/AospFrameworkTelephonyResOverlay.apk
07-13 04:21:58.384  4291  4291 W MiResource: Dump     23
07-13 04:21:58.384  4291  4291 W MiResource: Dump       class=class android.content.res.ApkAssets
07-13 04:21:58.384  4291  4291 W MiResource: Dump       debugName=/system_ext/framework/framework-ext-res/framework-ext-res.apk
07-13 04:21:58.384  4291  4291 W MiResource: Dump       assetPath=/system_ext/framework/framework-ext-res/framework-ext-res.apk
07-13 04:21:58.384  4291  4291 W MiResource: Dump     24
07-13 04:21:58.384  4291  4291 W MiResource: Dump       class=class android.content.res.ApkAssets
07-13 04:21:58.384  4291  4291 W MiResource: Dump       debugName=/product/overlay/MiuiFrameworkResOverlay.apk
07-13 04:21:58.384  4291  4291 W MiResource: Dump       assetPath=/product/overlay/MiuiFrameworkResOverlay.apk
07-13 04:21:58.384  4291  4291 W MiResource: Dump     25
07-13 04:21:58.384  4291  4291 W MiResource: Dump       class=class android.content.res.ApkAssets
07-13 04:21:58.384  4291  4291 W MiResource: Dump       debugName=/product/overlay/MiuiFrameworkTelephonyResOverlay.apk
07-13 04:21:58.384  4291  4291 W MiResource: Dump       assetPath=/product/overlay/MiuiFrameworkTelephonyResOverlay.apk
07-13 04:21:58.384  4291  4291 W MiResource: Dump     26
07-13 04:21:58.384  4291  4291 W MiResource: Dump       class=class android.content.res.ApkAssets
07-13 04:21:58.384  4291  4291 W MiResource: Dump       debugName=/system_ext/app/mediatek-res/mediatek-res.apk
07-13 04:21:58.384  4291  4291 W MiResource: Dump       assetPath=/system_ext/app/mediatek-res/mediatek-res.apk
07-13 04:21:58.384  4291  4291 W MiResource: Dump     27
07-13 04:21:58.384  4291  4291 W MiResource: Dump       class=class android.content.res.ApkAssets
07-13 04:21:58.384  4291  4291 W MiResource: Dump       debugName=/data/app/~~4-mr-XR5p2BlXIuvrJDV2A==/io.najishab.najibox-7l9MFSrIrbJaqszy-q9JwA==/base.apk
07-13 04:21:58.384  4291  4291 W MiResource: Dump       assetPath=/data/app/~~4-mr-XR5p2BlXIuvrJDV2A==/io.najishab.najibox-7l9MFSrIrbJaqszy-q9JwA==/base.apk
07-13 04:21:58.384  4291  4291 W MiResource: Dump     28
07-13 04:21:58.384  4291  4291 W MiResource: Dump       class=class android.content.res.ApkAssets
07-13 04:21:58.384  4291  4291 W MiResource: Dump       debugName=/product/overlay/GestureLineOverlay.apk
07-13 04:21:58.384  4291  4291 W MiResource: Dump       assetPath=/product/overlay/GestureLineOverlay.apk
07-13 04:21:58.384  4291  4291 W MiResource: Dump     29
07-13 04:21:58.384  4291  4291 W MiResource: Dump       class=class android.content.res.ApkAssets
07-13 04:21:58.384  4291  4291 W MiResource: Dump       debugName=/data/resource-cache/com.android.systemui-neutral-iy1t.frro
07-13 04:21:58.384  4291  4291 W MiResource: Dump       assetPath=/data/resource-cache/com.android.systemui-neutral-iy1t.frro
07-13 04:21:58.384  4291  4291 W MiResource: Dump     30
07-13 04:21:58.384  4291  4291 W MiResource: Dump       class=class android.content.res.ApkAssets
07-13 04:21:58.384  4291  4291 W MiResource: Dump       debugName=/data/resource-cache/com.android.systemui-accent-jRBw.frro
07-13 04:21:58.384  4291  4291 W MiResource: Dump       assetPath=/data/resource-cache/com.android.systemui-accent-jRBw.frro
07-13 04:21:58.384  4291  4291 W MiResource: Dump     31
07-13 04:21:58.384  4291  4291 W MiResource: Dump       class=class android.content.res.ApkAssets
07-13 04:21:58.384  4291  4291 W MiResource: Dump       debugName=/data/resource-cache/com.android.systemui-dynamic-HRLE.frro
07-13 04:21:58.384  4291  4291 W MiResource: Dump       assetPath=/data/resource-cache/com.android.systemui-dynamic-HRLE.frro
07-13 04:21:58.400  4291  4291 D MiuiCameraCoveredManager: java.lang.NullPointerException: Attempt to invoke virtual method 'java.lang.String android.provider.MiuiSettings$SettingsCloudData$CloudData.getString(java.lang.String, java.lang.String)' on a null object reference
07-13 04:21:58.401  4291  4291 I ForceDarkHelperStubImpl: setViewRootImplForceDark: false for io.najishab.najibox.ui.profile.WireGuardSettingsActivity@af52b85, reason: AppDarkModeEnable
07-13 04:21:58.412  4291  4291 D MiuiCameraCoveredManager: java.lang.NullPointerException: Attempt to invoke virtual method 'java.lang.String android.provider.MiuiSettings$SettingsCloudData$CloudData.getString(java.lang.String, java.lang.String)' on a null object reference
07-13 04:21:58.413  4291  4291 I ForceDarkHelperStubImpl: setViewRootImplForceDark: false for io.najishab.najibox.ui.profile.WireGuardSettingsActivity@af52b85, reason: AppDarkModeEnable
07-13 04:21:58.445  4291  4291 I ForceDarkHelperStubImpl: setViewRootImplForceDark: false for io.najishab.najibox.ui.profile.WireGuardSettingsActivity@af52b85, reason: AppDarkModeEnable
07-13 04:21:58.484  4291  4291 I ForceDarkHelperStubImpl: setViewRootImplForceDark: false for io.najishab.najibox.ui.profile.WireGuardSettingsActivity@af52b85, reason: AppDarkModeEnable
07-13 04:21:58.508  4291  4291 D MiuiCameraCoveredManager: java.lang.NullPointerException: Attempt to invoke virtual method 'java.lang.String android.provider.MiuiSettings$SettingsCloudData$CloudData.getString(java.lang.String, java.lang.String)' on a null object reference
07-13 04:21:59.052  4291  4291 D VRI[PopupWindow:3ea]: getMiuiFreeformStackInfo mTmpFrames.miuiFreeFormStackInfo: null
07-13 04:21:59.054  4291  4291 D VRI[PopupWindow:3eb]: getMiuiFreeformStackInfo mTmpFrames.miuiFreeFormStackInfo: null
07-13 04:22:01.594  4291  4291 D VRI[WireGuardSettingsActivity]: getMiuiFreeformStackInfo mTmpFrames.miuiFreeFormStackInfo: null
07-13 04:22:01.689  4291  4291 D DecorViewImmersiveImpl: onDetachedFromWindow
07-13 04:22:02.414  4291  4291 D VRI[WireGuardSettingsActivity]: getMiuiFreeformStackInfo mTmpFrames.miuiFreeFormStackInfo: null
07-13 04:22:02.523  4291  4291 D MiuiCameraCoveredManager: java.lang.NullPointerException: Attempt to invoke virtual method 'java.lang.String android.provider.MiuiSettings$SettingsCloudData$CloudData.getString(java.lang.String, java.lang.String)' on a null object reference
07-13 04:22:02.523  4291  4291 I ForceDarkHelperStubImpl: setViewRootImplForceDark: false for io.najishab.najibox.ui.profile.WireGuardSettingsActivity@af52b85, reason: AppDarkModeEnable
07-13 04:22:02.524  4291  4291 D InsetsController: Setting requestedVisibleTypes to -1 (was -9)
07-13 04:22:02.562  4291  4291 I ForceDarkHelperStubImpl: setViewRootImplForceDark: false for io.najishab.najibox.ui.profile.WireGuardSettingsActivity@af52b85, reason: AppDarkModeEnable
07-13 04:22:03.257  4291  4291 D VRI[WireGuardSettingsActivity]: getMiuiFreeformStackInfo mTmpFrames.miuiFreeFormStackInfo: null
07-13 04:22:03.358  4291  4291 D MiuiCameraCoveredManager: java.lang.NullPointerException: Attempt to invoke virtual method 'java.lang.String android.provider.MiuiSettings$SettingsCloudData$CloudData.getString(java.lang.String, java.lang.String)' on a null object reference
07-13 04:22:03.360  4291  4291 I ForceDarkHelperStubImpl: setViewRootImplForceDark: false for io.najishab.najibox.ui.profile.WireGuardSettingsActivity@af52b85, reason: AppDarkModeEnable
07-13 04:22:03.385  4291  4291 I ForceDarkHelperStubImpl: setViewRootImplForceDark: false for io.najishab.najibox.ui.profile.WireGuardSettingsActivity@af52b85, reason: AppDarkModeEnable
07-13 04:22:03.437  4291  4291 D VRI[WireGuardSettingsActivity]: getMiuiFreeformStackInfo mTmpFrames.miuiFreeFormStackInfo: null
07-13 04:22:03.580  4291  4291 I MiResource: invalid cookie from nativeGetResourceValue, cookie = -1, origValue = TypedValue{t=0x3/d=0x2435b "Share" a=1 r=0x1040a9d}, value =TypedValue{t=0x3/d=0x2435b "Share" a=1 r=0x1040a9d}
07-13 04:22:03.580  4291  4291 I MiResource: got NFE for resource ID #0x7f0c0018(2131492888) , isResourceCached = true
07-13 04:22:03.580  4291  4291 W MiResource: Dump android.content.res.MiuiResources@cc3c84e
07-13 04:22:03.580  4291  4291 W MiResource: Dump class=class android.content.res.MiuiResources
07-13 04:22:03.580  4291  4291 W MiResource: Dump resourcesImpl
07-13 04:22:03.580  4291  4291 W MiResource: Dump   class=class android.content.res.MiuiResourcesImpl
07-13 04:22:03.580  4291  4291 W MiResource: Dump   assets
07-13 04:22:03.580  4291  4291 W MiResource: Dump     class=class android.content.res.AssetManager
07-13 04:22:03.580  4291  4291 W MiResource: Dump     apkAssets=
07-13 04:22:03.580  4291  4291 W MiResource: Dump     0
07-13 04:22:03.580  4291  4291 W MiResource: Dump       class=class android.content.res.ApkAssets
07-13 04:22:03.580  4291  4291 W MiResource: Dump       debugName=/system/framework/framework-res.apk
07-13 04:22:03.580  4291  4291 W MiResource: Dump       assetPath=/system/framework/framework-res.apk
07-13 04:22:03.580  4291  4291 W MiResource: Dump     1
07-13 04:22:03.580  4291  4291 W MiResource: Dump       class=class android.content.res.ApkAssets
07-13 04:22:03.580  4291  4291 W MiResource: Dump       debugName=/vendor/overlay/FrameworkResOverlay/FrameworkResOverlay.apk
07-13 04:22:03.580  4291  4291 W MiResource: Dump       assetPath=/vendor/overlay/FrameworkResOverlay/FrameworkResOverlay.apk
07-13 04:22:03.580  4291  4291 W MiResource: Dump     2
07-13 04:22:03.580  4291  4291 W MiResource: Dump       class=class android.content.res.ApkAssets
07-13 04:22:03.580  4291  4291 W MiResource: Dump       debugName=/vendor/overlay/FrameworkResOverlayExt/FrameworkResOverlayExt.apk
07-13 04:22:03.580  4291  4291 W MiResource: Dump       assetPath=/vendor/overlay/FrameworkResOverlayExt/FrameworkResOverlayExt.apk
07-13 04:22:03.580  4291  4291 W MiResource: Dump     3
07-13 04:22:03.580  4291  4291 W MiResource: Dump       class=class android.content.res.ApkAssets
07-13 04:22:03.580  4291  4291 W MiResource: Dump       debugName=/product/overlay/CaptivePortalLoginFrameworkOverlay.apk
07-13 04:22:03.580  4291  4291 W MiResource: Dump       assetPath=/product/overlay/CaptivePortalLoginFrameworkOverlay.apk
07-13 04:22:03.580  4291  4291 W MiResource: Dump     4
07-13 04:22:03.580  4291  4291 W MiResource: Dump       class=class android.content.res.ApkAssets
07-13 04:22:03.580  4291  4291 W MiResource: Dump       debugName=/product/overlay/CircleToSearchOverlay.apk
07-13 04:22:03.580  4291  4291 W MiResource: Dump       assetPath=/product/overlay/CircleToSearchOverlay.apk
07-13 04:22:03.580  4291  4291 W MiResource: Dump     5
07-13 04:22:03.580  4291  4291 W MiResource: Dump       class=class android.content.res.ApkAssets
07-13 04:22:03.580  4291  4291 W MiResource: Dump       debugName=/product/overlay/GmsConfigOverlayASI_Infrastructure.apk
07-13 04:22:03.580  4291  4291 W MiResource: Dump       assetPath=/product/overlay/GmsConfigOverlayASI_Infrastructure.apk
07-13 04:22:03.580  4291  4291 W MiResource: Dump     6
07-13 04:22:03.580  4291  4291 W MiResource: Dump       class=class android.content.res.ApkAssets
07-13 04:22:03.580  4291  4291 W MiResource: Dump       debugName=/product/overlay/GmsConfigOverlayCommon.apk
07-13 04:22:03.580  4291  4291 W MiResource: Dump       assetPath=/product/overlay/GmsConfigOverlayCommon.apk
07-13 04:22:03.580  4291  4291 W MiResource: Dump     7
07-13 04:22:03.580  4291  4291 W MiResource: Dump       class=class android.content.res.ApkAssets
07-13 04:22:03.580  4291  4291 W MiResource: Dump       debugName=/product/overlay/GmsConfigOverlayComms.apk
07-13 04:22:03.580  4291  4291 W MiResource: Dump       assetPath=/product/overlay/GmsConfigOverlayComms.apk
07-13 04:22:03.580  4291  4291 W MiResource: Dump     8
07-13 04:22:03.580  4291  4291 W MiResource: Dump       class=class android.content.res.ApkAssets
07-13 04:22:03.580  4291  4291 W MiResource: Dump       debugName=/product/overlay/GmsConfigOverlayGSA.apk
07-13 04:22:03.580  4291  4291 W MiResource: Dump       assetPath=/product/overlay/GmsConfigOverlayGSA.apk
07-13 04:22:03.580  4291  4291 W MiResource: Dump     9
07-13 04:22:03.580  4291  4291 W MiResource: Dump       class=class android.content.res.ApkAssets
07-13 04:22:03.580  4291  4291 W MiResource: Dump       debugName=/product/overlay/GmsConfigOverlayGeotz.apk
07-13 04:22:03.580  4291  4291 W MiResource: Dump       assetPath=/product/overlay/GmsConfigOverlayGeotz.apk
07-13 04:22:03.580  4291  4291 W MiResource: Dump     10
07-13 04:22:03.580  4291  4291 W MiResource: Dump       class=class android.content.res.ApkAssets
07-13 04:22:03.580  4291  4291 W MiResource: Dump       debugName=/product/overlay/GmsConfigOverlayPersonalSafety.apk
07-13 04:22:03.580  4291  4291 W MiResource: Dump       assetPath=/product/overlay/GmsConfigOverlayPersonalSafety.apk
07-13 04:22:03.580  4291  4291 W MiResource: Dump     11
07-13 04:22:03.580  4291  4291 W MiResource: Dump       class=class android.content.res.ApkAssets
07-13 04:22:03.580  4291  4291 W MiResource: Dump       debugName=/product/overlay/GmsConfigOverlayPhotos.apk
07-13 04:22:03.580  4291  4291 W MiResource: Dump       assetPath=/product/overlay/GmsConfigOverlayPhotos.apk
07-13 04:22:03.580  4291  4291 W MiResource: Dump     12
07-13 04:22:03.580  4291  4291 W MiResource: Dump       class=class android.content.res.ApkAssets
07-13 04:22:03.580  4291  4291 W MiResource: Dump       debugName=/product/overlay/GoogleExtServicesConfigOverlay.apk
07-13 04:22:03.580  4291  4291 W MiResource: Dump       assetPath=/product/overlay/GoogleExtServicesConfigOverlay.apk
07-13 04:22:03.580  4291  4291 W MiResource: Dump     13
07-13 04:22:03.580  4291  4291 W MiResource: Dump       class=class android.content.res.ApkAssets
07-13 04:22:03.580  4291  4291 W MiResource: Dump       debugName=/product/overlay/GoogleHealthFitnessFrameworkOverlay.apk
07-13 04:22:03.580  4291  4291 W MiResource: Dump       assetPath=/product/overlay/GoogleHealthFitnessFrameworkOverlay.apk
07-13 04:22:03.580  4291  4291 W MiResource: Dump     14
07-13 04:22:03.580  4291  4291 W MiResource: Dump       class=class android.content.res.ApkAssets
07-13 04:22:03.580  4291  4291 W MiResource: Dump       debugName=/product/overlay/GooglePermissionControllerFrameworkOverlay.apk
07-13 04:22:03.580  4291  4291 W MiResource: Dump       assetPath=/product/overlay/GooglePermissionControllerFrameworkOverlay.apk
07-13 04:22:03.580  4291  4291 W MiResource: Dump     15
07-13 04:22:03.580  4291  4291 W MiResource: Dump       class=class android.content.res.ApkAssets
07-13 04:22:03.580  4291  4291 W MiResource: Dump       debugName=/product/overlay/MiuiServiceOverlay/MiuiServiceOverlay.apk
07-13 04:22:03.580  4291  4291 W MiResource: Dump       assetPath=/product/overlay/MiuiServiceOverlay/MiuiServiceOverlay.apk
07-13 04:22:03.580  4291  4291 W MiResource: Dump     16
07-13 04:22:03.580  4291  4291 W MiResource: Dump       class=class android.content.res.ApkAssets
07-13 04:22:03.580  4291  4291 W MiResource: Dump       debugName=/product/overlay/ModuleMetadataGoogleOverlay.apk
07-13 04:22:03.580  4291  4291 W MiResource: Dump       assetPath=/product/overlay/ModuleMetadataGoogleOverlay.apk
07-13 04:22:03.580  4291  4291 W MiResource: Dump     17
07-13 04:22:03.580  4291  4291 W MiResource: Dump       class=class android.content.res.ApkAssets
07-13 04:22:03.580  4291  4291 W MiResource: Dump       debugName=/product/overlay/framework-res__nosdcard__auto_generated_characteristics_rro.apk
07-13 04:22:03.580  4291  4291 W MiResource: Dump       assetPath=/product/overlay/framework-res__nosdcard__auto_generated_characteristics_rro.apk
07-13 04:22:03.580  4291  4291 W MiResource: Dump     18
07-13 04:22:03.580  4291  4291 W MiResource: Dump       class=class android.content.res.ApkAssets
07-13 04:22:03.580  4291  4291 W MiResource: Dump       debugName=/product/overlay/MiuiPocoLauncherResOverlay.apk
07-13 04:22:03.580  4291  4291 W MiResource: Dump       assetPath=/product/overlay/MiuiPocoLauncherResOverlay.apk
07-13 04:22:03.580  4291  4291 W MiResource: Dump     19
07-13 04:22:03.580  4291  4291 W MiResource: Dump       class=class android.content.res.ApkAssets
07-13 04:22:03.580  4291  4291 W MiResource: Dump       debugName=/product/overlay/AospFrameworkResOverlay.apk
07-13 04:22:03.580  4291  4291 W MiResource: Dump       assetPath=/product/overlay/AospFrameworkResOverlay.apk
07-13 04:22:03.580  4291  4291 W MiResource: Dump     20
07-13 04:22:03.580  4291  4291 W MiResource: Dump       class=class android.content.res.ApkAssets
07-13 04:22:03.580  4291  4291 W MiResource: Dump       debugName=/product/overlay/DevicesAndroidOverlay.apk
07-13 04:22:03.580  4291  4291 W MiResource: Dump       assetPath=/product/overlay/DevicesAndroidOverlay.apk
07-13 04:22:03.580  4291  4291 W MiResource: Dump     21
07-13 04:22:03.580  4291  4291 W MiResource: Dump       class=class android.content.res.ApkAssets
07-13 04:22:03.580  4291  4291 W MiResource: Dump       debugName=/product/overlay/MiuiPOCOWallpaperOverlay.apk
07-13 04:22:03.580  4291  4291 W MiResource: Dump       assetPath=/product/overlay/MiuiPOCOWallpaperOverlay.apk
07-13 04:22:03.580  4291  4291 W MiResource: Dump     22
07-13 04:22:03.580  4291  4291 W MiResource: Dump       class=class android.content.res.ApkAssets
07-13 04:22:03.580  4291  4291 W MiResource: Dump       debugName=/product/overlay/AospFrameworkTelephonyResOverlay.apk
07-13 04:22:03.580  4291  4291 W MiResource: Dump       assetPath=/product/overlay/AospFrameworkTelephonyResOverlay.apk
07-13 04:22:03.580  4291  4291 W MiResource: Dump     23
07-13 04:22:03.580  4291  4291 W MiResource: Dump       class=class android.content.res.ApkAssets
07-13 04:22:03.580  4291  4291 W MiResource: Dump       debugName=/system_ext/framework/framework-ext-res/framework-ext-res.apk
07-13 04:22:03.580  4291  4291 W MiResource: Dump       assetPath=/system_ext/framework/framework-ext-res/framework-ext-res.apk
07-13 04:22:03.580  4291  4291 W MiResource: Dump     24
07-13 04:22:03.580  4291  4291 W MiResource: Dump       class=class android.content.res.ApkAssets
07-13 04:22:03.580  4291  4291 W MiResource: Dump       debugName=/product/overlay/MiuiFrameworkResOverlay.apk
07-13 04:22:03.580  4291  4291 W MiResource: Dump       assetPath=/product/overlay/MiuiFrameworkResOverlay.apk
07-13 04:22:03.580  4291  4291 W MiResource: Dump     25
07-13 04:22:03.580  4291  4291 W MiResource: Dump       class=class android.content.res.ApkAssets
07-13 04:22:03.580  4291  4291 W MiResource: Dump       debugName=/product/overlay/MiuiFrameworkTelephonyResOverlay.apk
07-13 04:22:03.580  4291  4291 W MiResource: Dump       assetPath=/product/overlay/MiuiFrameworkTelephonyResOverlay.apk
07-13 04:22:03.580  4291  4291 W MiResource: Dump     26
07-13 04:22:03.580  4291  4291 W MiResource: Dump       class=class android.content.res.ApkAssets
07-13 04:22:03.580  4291  4291 W MiResource: Dump       debugName=/system_ext/app/mediatek-res/mediatek-res.apk
07-13 04:22:03.580  4291  4291 W MiResource: Dump       assetPath=/system_ext/app/mediatek-res/mediatek-res.apk
07-13 04:22:03.580  4291  4291 W MiResource: Dump     27
07-13 04:22:03.580  4291  4291 W MiResource: Dump       class=class android.content.res.ApkAssets
07-13 04:22:03.580  4291  4291 W MiResource: Dump       debugName=/data/app/~~4-mr-XR5p2BlXIuvrJDV2A==/io.najishab.najibox-7l9MFSrIrbJaqszy-q9JwA==/base.apk
07-13 04:22:03.580  4291  4291 W MiResource: Dump       assetPath=/data/app/~~4-mr-XR5p2BlXIuvrJDV2A==/io.najishab.najibox-7l9MFSrIrbJaqszy-q9JwA==/base.apk
07-13 04:22:03.580  4291  4291 W MiResource: Dump     28
07-13 04:22:03.580  4291  4291 W MiResource: Dump       class=class android.content.res.ApkAssets
07-13 04:22:03.580  4291  4291 W MiResource: Dump       debugName=/product/overlay/GestureLineOverlay.apk
07-13 04:22:03.580  4291  4291 W MiResource: Dump       assetPath=/product/overlay/GestureLineOverlay.apk
07-13 04:22:03.580  4291  4291 W MiResource: Dump     29
07-13 04:22:03.580  4291  4291 W MiResource: Dump       class=class android.content.res.ApkAssets
07-13 04:22:03.580  4291  4291 W MiResource: Dump       debugName=/data/resource-cache/com.android.systemui-neutral-iy1t.frro
07-13 04:22:03.580  4291  4291 W MiResource: Dump       assetPath=/data/resource-cache/com.android.systemui-neutral-iy1t.frro
07-13 04:22:03.580  4291  4291 W MiResource: Dump     30
07-13 04:22:03.580  4291  4291 W MiResource: Dump       class=class android.content.res.ApkAssets
07-13 04:22:03.580  4291  4291 W MiResource: Dump       debugName=/data/resource-cache/com.android.systemui-accent-jRBw.frro
07-13 04:22:03.580  4291  4291 W MiResource: Dump       assetPath=/data/resource-cache/com.android.systemui-accent-jRBw.frro
07-13 04:22:03.580  4291  4291 W MiResource: Dump     31
07-13 04:22:03.580  4291  4291 W MiResource: Dump       class=class android.content.res.ApkAssets
07-13 04:22:03.580  4291  4291 W MiResource: Dump       debugName=/data/resource-cache/com.android.systemui-dynamic-HRLE.frro
07-13 04:22:03.580  4291  4291 W MiResource: Dump       assetPath=/data/resource-cache/com.android.systemui-dynamic-HRLE.frro
07-13 04:22:03.600  4291  4291 D MiuiCameraCoveredManager: java.lang.NullPointerException: Attempt to invoke virtual method 'java.lang.String android.provider.MiuiSettings$SettingsCloudData$CloudData.getString(java.lang.String, java.lang.String)' on a null object reference
07-13 04:22:03.602  4291  4291 I ForceDarkHelperStubImpl: setViewRootImplForceDark: false for io.najishab.najibox.ui.profile.WireGuardSettingsActivity@af52b85, reason: AppDarkModeEnable
07-13 04:22:03.611  4291  4291 D MiuiCameraCoveredManager: java.lang.NullPointerException: Attempt to invoke virtual method 'java.lang.String android.provider.MiuiSettings$SettingsCloudData$CloudData.getString(java.lang.String, java.lang.String)' on a null object reference
07-13 04:22:03.612  4291  4291 I ForceDarkHelperStubImpl: setViewRootImplForceDark: false for io.najishab.najibox.ui.profile.WireGuardSettingsActivity@af52b85, reason: AppDarkModeEnable
07-13 04:22:03.635  4291  4291 I ForceDarkHelperStubImpl: setViewRootImplForceDark: false for io.najishab.najibox.ui.profile.WireGuardSettingsActivity@af52b85, reason: AppDarkModeEnable
07-13 04:22:03.663  4291  4291 I ForceDarkHelperStubImpl: setViewRootImplForceDark: false for io.najishab.najibox.ui.profile.WireGuardSettingsActivity@af52b85, reason: AppDarkModeEnable
07-13 04:22:03.684  4291  4291 D MiuiCameraCoveredManager: java.lang.NullPointerException: Attempt to invoke virtual method 'java.lang.String android.provider.MiuiSettings$SettingsCloudData$CloudData.getString(java.lang.String, java.lang.String)' on a null object reference
07-13 04:22:05.156  4291  4291 D VRI[WireGuardSettingsActivity]: getMiuiFreeformStackInfo mTmpFrames.miuiFreeFormStackInfo: null
07-13 04:22:05.256  4291  4291 D DecorViewImmersiveImpl: onDetachedFromWindow
07-13 04:22:05.886  4291  4291 D VRI[WireGuardSettingsActivity]: getMiuiFreeformStackInfo mTmpFrames.miuiFreeFormStackInfo: null
07-13 04:22:06.926  4291  4291 D VRI[WireGuardSettingsActivity]: getMiuiFreeformStackInfo mTmpFrames.miuiFreeFormStackInfo: null
07-13 04:22:07.030  4291  4291 D MiuiCameraCoveredManager: java.lang.NullPointerException: Attempt to invoke virtual method 'java.lang.String android.provider.MiuiSettings$SettingsCloudData$CloudData.getString(java.lang.String, java.lang.String)' on a null object reference
07-13 04:22:07.031  4291  4291 I ForceDarkHelperStubImpl: setViewRootImplForceDark: false for io.najishab.najibox.ui.profile.WireGuardSettingsActivity@af52b85, reason: AppDarkModeEnable
07-13 04:22:07.033  4291  4291 D InsetsController: Setting requestedVisibleTypes to -1 (was -9)
07-13 04:22:07.075  4291  4291 I ForceDarkHelperStubImpl: setViewRootImplForceDark: false for io.najishab.najibox.ui.profile.WireGuardSettingsActivity@af52b85, reason: AppDarkModeEnable
07-13 04:22:08.136  4291  4291 D VRI[WireGuardSettingsActivity]: getMiuiFreeformStackInfo mTmpFrames.miuiFreeFormStackInfo: null
07-13 04:22:08.202  4291  4291 D DecorViewImmersiveImpl: onDetachedFromWindow
07-13 04:22:08.877  4291  4291 D VRI[WireGuardSettingsActivity]: getMiuiFreeformStackInfo mTmpFrames.miuiFreeFormStackInfo: null
07-13 04:22:08.989  4291  4291 D MiuiCameraCoveredManager: java.lang.NullPointerException: Attempt to invoke virtual method 'java.lang.String android.provider.MiuiSettings$SettingsCloudData$CloudData.getString(java.lang.String, java.lang.String)' on a null object reference
07-13 04:22:08.989  4291  4291 I ForceDarkHelperStubImpl: setViewRootImplForceDark: false for io.najishab.najibox.ui.profile.WireGuardSettingsActivity@af52b85, reason: AppDarkModeEnable
07-13 04:22:08.991  4291  4291 D InsetsController: Setting requestedVisibleTypes to -1 (was -9)
07-13 04:22:09.034  4291  4291 I ForceDarkHelperStubImpl: setViewRootImplForceDark: false for io.najishab.najibox.ui.profile.WireGuardSettingsActivity@af52b85, reason: AppDarkModeEnable
07-13 04:22:09.843  4291  4291 D VRI[WireGuardSettingsActivity]: getMiuiFreeformStackInfo mTmpFrames.miuiFreeFormStackInfo: null
07-13 04:22:09.915  4291  4291 D DecorViewImmersiveImpl: onDetachedFromWindow
07-13 04:22:10.412  4291  4291 D VRI[WireGuardSettingsActivity]: getMiuiFreeformStackInfo mTmpFrames.miuiFreeFormStackInfo: null
07-13 04:22:12.551  4291  4291 D VRI[WireGuardSettingsActivity]: getMiuiFreeformStackInfo mTmpFrames.miuiFreeFormStackInfo: null
07-13 04:22:12.623  4291  4291 D MiuiCameraCoveredManager: java.lang.NullPointerException: Attempt to invoke virtual method 'java.lang.String android.provider.MiuiSettings$SettingsCloudData$CloudData.getString(java.lang.String, java.lang.String)' on a null object reference
07-13 04:22:12.623  4291  4291 I ForceDarkHelperStubImpl: setViewRootImplForceDark: false for io.najishab.najibox.ui.profile.WireGuardSettingsActivity@af52b85, reason: AppDarkModeEnable
07-13 04:22:12.625  4291  4291 D InsetsController: Setting requestedVisibleTypes to -1 (was -9)
07-13 04:22:12.667  4291  4291 I ForceDarkHelperStubImpl: setViewRootImplForceDark: false for io.najishab.najibox.ui.profile.WireGuardSettingsActivity@af52b85, reason: AppDarkModeEnable
07-13 04:22:13.536  4291  4291 D VRI[WireGuardSettingsActivity]: getMiuiFreeformStackInfo mTmpFrames.miuiFreeFormStackInfo: null
07-13 04:22:13.601  4291  4291 D DecorViewImmersiveImpl: onDetachedFromWindow
07-13 04:22:15.136  4291  4291 D VRI[WireGuardSettingsActivity]: getMiuiFreeformStackInfo mTmpFrames.miuiFreeFormStackInfo: null
07-13 04:22:15.271  4291  4291 I ForceDarkHelperStubImpl: setViewRootImplForceDark: false for io.najishab.najibox.ui.MainActivity@9439193, reason: AppDarkModeEnable
07-13 04:22:15.273  4291  4291 D Activity: Activity = ActivityInfo{629d494 io.najishab.najibox.ui.MainActivity}, Resume onConfigurationChanged = {1.0 432mcc11mnc [en,en_US] ldltr sw407dp w407dp h904dp 480dpi nrml long widecg port finger -keyb/v/h -nav/h winConfig={ mBounds=Rect(0, 0 - 1220, 2712) mAppBounds=Rect(0, 0 - 1220, 2712) mMaxBounds=Rect(0, 0 - 1220, 2712) mDisplayRotation=ROTATION_0 mWindowingMode=fullscreen mActivityType=standard mAlwaysOnTop=undefined mRotation=ROTATION_0 mInSplitScreen=false letterBoxed=false foScaled=false isSpecificEmbedded=false embeddingScale=1.0} s.2 fontWeightAdjustment=0/d/0 themeChanged=0 themeChangedFlags=0 display=0 extraData = Bundle[{}] screenType=0/0}
07-13 04:22:15.871  4291  4291 D DecorViewImmersiveImpl: onDetachedFromWindow
07-13 04:22:16.279  4291  4291 D VRI[MainActivity]: getMiuiFreeformStackInfo mTmpFrames.miuiFreeFormStackInfo: null
07-13 04:22:42.104  4291  4291 D DecorViewImmersiveImpl: onDetachedFromWindow
--------- beginning of main
07-13 05:25:33.502 25441 25441 I ajishab.najibox: Using generational CollectorTypeCMC GC.
07-13 05:25:33.506 25441 25441 D nativeloader: Load libframework-connectivity-tiramisu-jni.so using APEX ns com_android_tethering for caller /apex/com.android.tethering/javalib/framework-connectivity-t.jar: ok
07-13 05:25:33.508 25441 25441 I ActivityThread: Current dynamic renderEngine type=0
07-13 05:25:33.517 25441 29622 D MiuiDownscaleImpl: set override inverted scale : 1.0
07-13 05:25:33.518 25441 25441 I RENDER_TURBO: onActivityThreadCreate not in white list, pkg=io.najishab.najibox, type=duchamp
07-13 05:25:33.522 25441 25441 I ajishab.najibox: AssetManager2(0xb400007ab4e350b8) locale list changing from [en-US] to [en]
07-13 05:25:33.523 25441 25441 D ActivityThread: setEmbeddedParam packageName=io.najishab.najibox processName=io.najishab.najibox isEmbedded=false isIsolated=false
07-13 05:25:33.526 25441 25441 D ApplicationLoaders: Returning zygote-cached class loader: /system_ext/framework/androidx.window.extensions.jar
07-13 05:25:33.526 25441 25441 D ApplicationLoaders: Returning zygote-cached class loader: /system_ext/framework/androidx.window.sidecar.jar
07-13 05:25:33.530 25441 25441 D nativeloader: Configuring clns-10 for other apk /data/app/~~4-mr-XR5p2BlXIuvrJDV2A==/io.najishab.najibox-7l9MFSrIrbJaqszy-q9JwA==/base.apk. target_sdk_version=35, uses_libraries=, library_path=/data/app/~~4-mr-XR5p2BlXIuvrJDV2A==/io.najishab.najibox-7l9MFSrIrbJaqszy-q9JwA==/lib/arm64:/data/app/~~4-mr-XR5p2BlXIuvrJDV2A==/io.najishab.najibox-7l9MFSrIrbJaqszy-q9JwA==/base.apk!/lib/arm64-v8a, permitted_path=/data:/mnt/expand:/data/user/0/io.najishab.najibox
07-13 05:25:33.531 25441 25441 D CompatChangeReporter: Compat change id reported: 202956589; UID 10384; state: ENABLED
07-13 05:25:33.532 25441 25441 I ajishab.najibox: AssetManager2(0xb400007ab4e3cdb8) locale list changing from [] to [en]
07-13 05:25:33.534 25441 25441 E MiuiPreloadClassImpl: invoke error.
07-13 05:25:33.535 25441 25441 D HWUI    : [HWUI] Flag vulkan_enhance_pipeline_cache enabled
07-13 05:25:33.535 25441 25441 D HWUI    : [HWUI] EnhanceVkPipelineCache is disabled
07-13 05:25:33.535 25441 25441 D HWUI    : [HWUI] Flag ddre enabled
07-13 05:25:33.535 25441 25441 V GraphicsEnvironment: Currently set values for:
07-13 05:25:33.535 25441 25441 V GraphicsEnvironment:   angle_gl_driver_selection_pkgs=[com.android.angle, com.linecorp.b612.android, com.campmobile.snow, com.google.android.apps.tachyon]
07-13 05:25:33.535 25441 25441 V GraphicsEnvironment:   angle_gl_driver_selection_values=[angle, native, native, native]
07-13 05:25:33.535 25441 25441 V GraphicsEnvironment: io.najishab.najibox is not listed in per-application setting
07-13 05:25:33.535 25441 25441 V GraphicsEnvironment: ANGLE allowlist from config: 
07-13 05:25:33.535 25441 25441 V GraphicsEnvironment: io.najishab.najibox is not listed in ANGLE allowlist or settings, returning default
07-13 05:25:33.535 25441 25441 V GraphicsEnvironment: App is not on the allowlist for updatable production driver.
07-13 05:25:33.536 25441 25441 D ActivityThread: useGrowthLimitOutExpendMethod invoke error.
07-13 05:25:33.545 25441 25441 D ResMonitorStub: The current process type is: third_party_app, process name is: io.najishab.najibox
07-13 05:25:33.545 25441 25441 I MiuiAppAdaptationStubsControl: Feature Flag of ThirdAppOpt is turned off
07-13 05:25:33.551 25441 25441 E ajishab.najibox: hiddenapi: Accessing hidden field Ljava/util/Collections$SynchronizedCollection;->mutex:Ljava/lang/Object; (runtime_flags=0, domain=core-platform, api=max-target-o) from Lj$/util/DesugarCollections; (domain=app, TargetSdkVersion=35) using reflection: denied
07-13 05:25:33.551 25441 25441 E ajishab.najibox: hiddenapi: Accessing hidden method Ljava/util/Collections$SynchronizedSet;-><init>(Ljava/util/Set;Ljava/lang/Object;)V (runtime_flags=0, domain=core-platform, api=max-target-o) from Lj$/util/DesugarCollections; (domain=app, TargetSdkVersion=35) using reflection: denied
07-13 05:25:33.551 25441 25441 E ajishab.najibox: hiddenapi: Accessing hidden method Ljava/util/Collections$SynchronizedCollection;-><init>(Ljava/util/Collection;Ljava/lang/Object;)V (runtime_flags=0, domain=core-platform, api=max-target-o) from Lj$/util/DesugarCollections; (domain=app, TargetSdkVersion=35) using reflection: denied
07-13 05:25:33.552 25441 25441 D SessionsDependencies: Dependency to CRASHLYTICS added.
07-13 05:25:33.553 25441 25441 I FirebaseApp: Device unlocked: initializing all Firebase APIs for app [DEFAULT]
07-13 05:25:33.554 25441 25441 I NativeTurboSchedManager: Load libmiui_runtime
07-13 05:25:33.554 25441 25441 E TurboSchedMonitor: failed to find setSchedAffinity method io.najishab.najibox
07-13 05:25:33.555 25441 25441 E TurboSchedMonitor: failed to find setSchedAffinity method io.najishab.najibox
07-13 05:25:33.557 25441 25441 I FirebaseCrashlytics: Initializing Firebase Crashlytics 19.4.4 for io.najishab.najibox
07-13 05:25:33.561 25441 25441 E TurboSchedMonitor: failed to find setSchedAffinity method io.najishab.najibox
07-13 05:25:33.562 25441 29626 D MiuiMonitorThread: Shared singleton Thread for stability monitor start
07-13 05:25:33.563 25441 25441 E TurboSchedMonitor: failed to find setSchedAffinity method io.najishab.najibox
07-13 05:25:33.564 25441 25441 D SessionsDependencies: Subscriber CRASHLYTICS registered.
07-13 05:25:33.566 25441 29622 D AppScoutStateMachine: 25441-ScoutStateMachinecreated
07-13 05:25:33.577 25441 29626 I ActivityThread: TrafficStats init done
07-13 05:25:33.578 25441 25441 D FirebaseSessions: Initializing Firebase Sessions SDK.
07-13 05:25:33.579 25441 25441 I FirebaseInitProvider: FirebaseApp initialization successful
07-13 05:25:33.600 25441 29645 I FirebaseCrashlytics: Saved version control info
07-13 05:25:33.610 25441 29626 E ashmem  : Pinning is deprecated since Android Q. Please use trim or other methods.
07-13 05:25:33.611 25441 29649 D LifecycleServiceBinder: Binding service to application.
07-13 05:25:33.620 25441 29626 I ForceDarkHelperStubImpl: initialize for io.najishab.najibox , ForceDarkAppConfig: null
07-13 05:25:33.621 25441 29626 D nativeloader: Load libforcedarkimpl.so using system ns (caller=/system_ext/framework/miui-framework.jar): ok
07-13 05:25:33.621 25441 29626 D HWUI    : JNI_OnLoad success
07-13 05:25:33.621 25441 29626 I MiuiForceDarkConfig: setConfig density:3.000000, mainRule:0, secondaryRule:0, tertiaryRule:0
07-13 05:25:33.629 25441 29626 I ActivityThread: Miui Feature Init done
07-13 05:25:33.635 25441 25441 D nativeloader: Load /data/app/~~4-mr-XR5p2BlXIuvrJDV2A==/io.najishab.najibox-7l9MFSrIrbJaqszy-q9JwA==/lib/arm64/libgojni.so using class loader ns clns-10 (caller=/data/app/~~4-mr-XR5p2BlXIuvrJDV2A==/io.najishab.najibox-7l9MFSrIrbJaqszy-q9JwA==/base.apk): ok
07-13 05:25:33.646 25441 29639 I DynamiteModule: Considering local module com.google.android.gms.measurement.dynamite:152 and remote module com.google.android.gms.measurement.dynamite:199
07-13 05:25:33.646 25441 29639 I DynamiteModule: Selected remote version of com.google.android.gms.measurement.dynamite, version >= 199
07-13 05:25:33.646 25441 29639 V DynamiteModule: Dynamite loader version >= 2, using loadModule2NoCrashUtils
07-13 05:25:33.650 25441 29639 W System  : ClassLoader referenced unknown path: 
07-13 05:25:33.650 25441 29639 D nativeloader: Configuring clns-11 for other apk . target_sdk_version=37, uses_libraries=, library_path=/data/app/~~eV0t9eM_91PLxkav0wwdAA==/com.google.android.gms-TzD8xX53P3zMY0j_XYNqAA==/lib/arm64:/data/app/~~eV0t9eM_91PLxkav0wwdAA==/com.google.android.gms-TzD8xX53P3zMY0j_XYNqAA==/base.apk!/lib/arm64-v8a, permitted_path=/data:/mnt/expand:/data/user/0/com.google.android.gms
07-13 05:25:33.652 25441 29639 V Resources: Updating configuration, with default locale en-US and selected locales [en, en-US]
07-13 05:25:33.653 25441 29639 I ajishab.najibox: AssetManager2(0xb400007ab4e3ab58) locale list changing from [] to [en,en-US]
07-13 05:25:33.653 25441 29639 I ajishab.najibox: AssetManager2(0xb400007ab4e3ab58) default locale changing from '' to 'en-US'
07-13 05:25:33.666 25441 25441 D HWUI    : [HWUI] Flag vulkan_enhance_pipeline_cache enabled
07-13 05:25:33.666 25441 25441 D HWUI    : [HWUI] EnhanceVkPipelineCache is disabled
07-13 05:25:33.666 25441 25441 D HWUI    : [HWUI] Flag ddre enabled
07-13 05:25:33.666 25441 25441 D ajishab.najibox: blurUtils, initBackgroundBlurMinInterval processName(io.najishab.najibox), inWhiteLists(0)
07-13 05:25:33.667 25441 29626 I ActivityThread: HardwareRenderer preload  done
07-13 05:25:33.668 25441 29672 I DisplayManager: Choreographer implicitly registered for the refresh rate.
07-13 05:25:33.668 25441 29639 V Resources: Updating configuration, with default locale en-US and selected locales [en, en-US]
07-13 05:25:33.668 25441 29639 I ajishab.najibox: AssetManager2(0xb400007ab4e3c778) locale list changing from [] to [en,en-US]
07-13 05:25:33.669 25441 29639 I ajishab.najibox: AssetManager2(0xb400007ab4e3c778) default locale changing from '' to 'en-US'
07-13 05:25:33.669 25441 29672 W libc    : Access denied finding property "vendor.migl.debug"
07-13 05:25:33.669 25441 25441 V Resources: Updating configuration, with default locale en-US and selected locales [en, en-US]
07-13 05:25:33.669 25441 25441 I ajishab.najibox: AssetManager2(0xb400007ab4e31b98) locale list changing from [] to [en,en-US]
07-13 05:25:33.669 25441 29672 I libMiGL : EnableDR: 0
07-13 05:25:33.669 25441 29672 D libMiGL : mDFIInterval: -1
07-13 05:25:33.669 25441 29672 D libMEOW : meow new tls: 0xb400007a84f81160
07-13 05:25:33.669 25441 25441 I ajishab.najibox: AssetManager2(0xb400007ab4e31b98) default locale changing from '' to 'en-US'
07-13 05:25:33.669 25441 29672 D libMEOW : meow reload base cfg path: na
07-13 05:25:33.669 25441 29672 D libMEOW : meow reload overlay cfg path: /data/system/mcd/glt.cfg
07-13 05:25:33.669 25441 29672 W QT      : qt_process_init() called
07-13 05:25:33.669 25441 29672 W QT      : Support!!
07-13 05:25:33.669 25441 29672 D libMEOW : applied 0 plugin for [io.najishab.najibox].
07-13 05:25:33.673 25441 29639 V Resources: Updating configuration, with default locale en-US and selected locales [en, en-US]
07-13 05:25:33.673 25441 29639 I ajishab.najibox: AssetManager2(0xb400007ab4e33ad8) locale list changing from [] to [en,en-US]
07-13 05:25:33.675 25441 29639 I ajishab.najibox: AssetManager2(0xb400007ab4e33ad8) default locale changing from '' to 'en-US'
07-13 05:25:33.676 25441 25441 D AppCompatDelegate: Checking for metadata for AppLocalesMetadataHolderService : Service not found
07-13 05:25:33.676 25441 25441 V Resources: Updating configuration, with default locale en-US and selected locales [en, en-US]
07-13 05:25:33.676 25441 25441 I ajishab.najibox: AssetManager2(0xb400007ab4e353d8) locale list changing from [] to [en,en-US]
07-13 05:25:33.676 25441 25441 I ajishab.najibox: AssetManager2(0xb400007ab4e353d8) default locale changing from '' to 'en-US'
07-13 05:25:33.677 25441 25441 V Resources: Updating configuration, with default locale en-US and selected locales [en, en-US]
07-13 05:25:33.677 25441 25441 I ajishab.najibox: AssetManager2(0xb400007ab4e2e038) locale list changing from [] to [en,en-US]
07-13 05:25:33.677 25441 25441 I ajishab.najibox: AssetManager2(0xb400007ab4e2e038) default locale changing from '' to 'en-US'
07-13 05:25:33.684 25441 29672 I libEGL  : shader cache num entries: 36
07-13 05:25:33.684 25441 25441 D CompatChangeReporter: Compat change id reported: 279646685; UID 10384; state: ENABLED
07-13 05:25:33.684 25441 29672 D HWUI    : [HWUI] Flag vulkan_enhance_pipeline_cache enabled
07-13 05:25:33.684 25441 29672 D HWUI    : [HWUI] EnhanceVkPipelineCache is disabled
07-13 05:25:33.684 25441 29672 D HWUI    : [HWUI] Flag ddre enabled
07-13 05:25:33.684 25441 29672 D SKIA    : [Skia] Flag vulkan_enhance_pipeline_cache enabled
07-13 05:25:33.684 25441 29672 D SKIA    : [Skia] EnhanceVkPipelineCache is false
07-13 05:25:33.684 25441 29672 D HWUI    : MiShaderPrecompile handle io.najishab.najibox, isSksl: 0, isAppInPreCacheList: 0, isGpuVersionChanged: 0, isSkslChanged: 0
07-13 05:25:33.690 25441 25441 D CompatChangeReporter: Compat change id reported: 309578419; UID 10384; state: ENABLED
07-13 05:25:33.691 25441 25441 D DesktopModeFlags: Toggle override initialized to: OVERRIDE_UNSET
07-13 05:25:33.692 25441 25441 D DecorView: updateFreeformOutlineFromActivity, inFreeform=false,inFreeformWindowMode=false
07-13 05:25:33.695 25441 25441 D ScrollerOptimizationManager: registerConfigChangedListener
07-13 05:25:33.695 25441 25441 W libc    : Access denied finding property "ro.vendor.mi_sf.new_dynamic_refresh_rate"
07-13 05:25:33.695 29680 29680 I shab.najibox:bg: Using generational CollectorTypeCMC GC.
07-13 05:25:33.695 25441 25441 D SplineOverScroller: dynamic params is false
07-13 05:25:33.695 25441 25441 D ScrollerOptimizationManager: registerConfigChangedListener
07-13 05:25:33.699 25441 25441 D ScrollerOptimizationManager: registerConfigChangedListener
07-13 05:25:33.702 29680 29680 D nativeloader: Load libframework-connectivity-tiramisu-jni.so using APEX ns com_android_tethering for caller /apex/com.android.tethering/javalib/framework-connectivity-t.jar: ok
07-13 05:25:33.702 25441 25441 D nativeloader: Load libpowerhalwrap_jni.so using system ns (caller=/system_ext/framework/mediatek-framework.jar): ok
07-13 05:25:33.702 25441 25441 I PowerHalWrapper: PowerHalWrapper.getInstance 
07-13 05:25:33.703 25441 25441 I PowerHalWrapper: PowerHalWrapper.getInstance 
07-13 05:25:33.703 25441 25441 I M-ProMotion: M-ProMotion is disabled
07-13 05:25:33.710 25441 25441 W ResourcesCompat: Failed to inflate ColorStateList, leaving it to the framework
07-13 05:25:33.710 25441 25441 W ResourcesCompat: java.lang.UnsupportedOperationException: Failed to resolve attribute at index 0: TypedValue{t=0x2/d=0x7f04027a a=-1}, theme={InheritanceMap=[id=0x7f1402a5io.najishab.najibox:style/Theme.SagerNet.Indigo, id=0x7f140285io.najishab.najibox:style/Theme.SagerNet, id=0x7f140268io.najishab.najibox:style/Theme.MaterialComponents.DayNight.NoActionBar, id=0x7f140281io.najishab.najibox:style/Theme.MaterialComponents.Light.NoActionBar, id=0x7f140273io.najishab.najibox:style/Theme.MaterialComponents.Light, id=0x7f140069io.najishab.najibox:style/Base.Theme.MaterialComponents.Light, id=0x7f1400a2io.najishab.najibox:style/Base.V21.Theme.MaterialComponents.Light, id=0x7f140090io.najishab.najibox:style/Base.V14.Theme.MaterialComponents.Light, id=0x7f140091io.najishab.najibox:style/Base.V14.Theme.MaterialComponents.Light.Bridge, id=0x7f140138io.najishab.najibox:style/Platform.MaterialComponents.Light, id=0x7f14022dio.najishab.najibox:style/Theme.AppCompat.Light, id=0x7f140051io.najishab.najibox:style/Base.Theme.AppCompat.Light, id=0x7f1400b4io.najishab.najibox:style/Base.V28.Theme.AppCompat.Light, id=0x7f1400b1io.najishab.najibox:style/Base.V26.Theme.AppCompat.Light, id=0x7f1400abio.najishab.najibox:style/Base.V23.Theme.AppCompat.Light, id=0x7f1400a9io.najishab.najibox:style/Base.V22.Theme.AppCompat.Light, id=0x7f14009eio.najishab.najibox:style/Base.V21.Theme.AppCompat.Light, id=0x7f1400b7io.najishab.najibox:style/Base.V7.Theme.AppCompat.Light, id=0x7f140135io.najishab.najibox:style/Platform.AppCompat.Light, id=0x7f140140io.najishab.najibox:style/Platform.V25.AppCompat.Light, id=0x1030241android:style/Theme.Material.Light.NoActionBar, id=0x1030237android:style/Theme.Material.Light, id=0x103000candroid:style/Theme.Light, id=0x1030005android:style/Theme], Themes=[io.najishab.najibox:style/Theme.SagerNet.Indigo, forced, io.najishab.najibox:style/Theme.Start, forced, io.najishab.najibox:style/Theme.AppCompat.Empty, forced, android:style/Theme.DeviceDefault.Light.DarkActionBar, forced]}
07-13 05:25:33.710 25441 25441 W ResourcesCompat: 	at android.content.res.TypedArray.getColor(TypedArray.java:539)
07-13 05:25:33.710 25441 25441 W ResourcesCompat: 	at androidx.core.content.res.ColorStateListInflaterCompat.createFromXmlInner(SourceFile:147)
07-13 05:25:33.710 25441 25441 W ResourcesCompat: 	at androidx.core.content.res.ColorStateListInflaterCompat.createFromXml(SourceFile:18)
07-13 05:25:33.710 25441 25441 W ResourcesCompat: 	at androidx.core.content.ContextCompat.getColorStateList(SourceFile:122)
07-13 05:25:33.710 25441 25441 W ResourcesCompat: 	at okhttp3.Headers$Companion.getColorStateList(SourceFile:7)
07-13 05:25:33.710 25441 25441 W ResourcesCompat: 	at com.google.android.material.navigation.NavigationView.<init>(SourceFile:417)
07-13 05:25:33.710 25441 25441 W ResourcesCompat: 	at java.lang.reflect.Constructor.newInstance0(Native Method)
07-13 05:25:33.710 25441 25441 W ResourcesCompat: 	at java.lang.reflect.Constructor.newInstance(Constructor.java:343)
07-13 05:25:33.710 25441 25441 W ResourcesCompat: 	at android.view.LayoutInflater.createView(LayoutInflater.java:757)
07-13 05:25:33.710 25441 25441 W ResourcesCompat: 	at android.view.LayoutInflater.createViewFromTag(LayoutInflater.java:909)
07-13 05:25:33.710 25441 25441 W ResourcesCompat: 	at android.view.LayoutInflater.createViewFromTag(LayoutInflater.java:864)
07-13 05:25:33.710 25441 25441 W ResourcesCompat: 	at android.view.LayoutInflater.rInflate(LayoutInflater.java:1026)
07-13 05:25:33.710 25441 25441 W ResourcesCompat: 	at android.view.LayoutInflater.rInflateChildren(LayoutInflater.java:987)
07-13 05:25:33.710 25441 25441 W ResourcesCompat: 	at android.view.LayoutInflater.inflate(LayoutInflater.java:585)
07-13 05:25:33.710 25441 25441 W ResourcesCompat: 	at android.view.LayoutInflater.inflate(LayoutInflater.java:469)
07-13 05:25:33.710 25441 25441 W ResourcesCompat: 	at io.najishab.najibox.databinding.LayoutMainBinding.inflate(SourceFile:2)
07-13 05:25:33.710 25441 25441 W ResourcesCompat: 	at io.najishab.najibox.databinding.LayoutMainBinding.inflate(SourceFile:1)
07-13 05:25:33.710 25441 25441 W ResourcesCompat: 	at io.najishab.najibox.ui.MainActivity.onCreate(SourceFile:8)
07-13 05:25:33.710 25441 25441 W ResourcesCompat: 	at android.app.Activity.performCreate(Activity.java:9380)
07-13 05:25:33.710 25441 25441 W ResourcesCompat: 	at android.app.Activity.performCreate(Activity.java:9323)
07-13 05:25:33.710 25441 25441 W ResourcesCompat: 	at android.app.Instrumentation.callActivityOnCreate(Instrumentation.java:1537)
07-13 05:25:33.710 25441 25441 W ResourcesCompat: 	at android.app.ActivityThread.performLaunchActivity(ActivityThread.java:4685)
07-13 05:25:33.710 25441 25441 W ResourcesCompat: 	at android.app.ActivityThread.handleLaunchActivity(ActivityThread.java:4932)
07-13 05:25:33.710 25441 25441 W ResourcesCompat: 	at android.app.servertransaction.LaunchActivityItem.execute(LaunchActivityItem.java:222)
07-13 05:25:33.710 25441 25441 W ResourcesCompat: 	at android.app.servertransaction.TransactionExecutor.executeNonLifecycleItem(TransactionExecutor.java:136)
07-13 05:25:33.710 25441 25441 W ResourcesCompat: 	at android.app.servertransaction.TransactionExecutor.executeTransactionItems(TransactionExecutor.java:106)
07-13 05:25:33.710 25441 25441 W ResourcesCompat: 	at android.app.servertransaction.TransactionExecutor.execute(TransactionExecutor.java:83)
07-13 05:25:33.710 25441 25441 W ResourcesCompat: 	at android.app.ActivityThread$H.handleMessage(ActivityThread.java:3085)
07-13 05:25:33.710 25441 25441 W ResourcesCompat: 	at android.os.Handler.dispatchMessage(Handler.java:110)
07-13 05:25:33.710 25441 25441 W ResourcesCompat: 	at android.os.Looper.loopOnce(Looper.java:267)
07-13 05:25:33.710 25441 25441 W ResourcesCompat: 	at android.os.Looper.loop(Looper.java:360)
07-13 05:25:33.710 25441 25441 W ResourcesCompat: 	at android.app.ActivityThread.main(ActivityThread.java:10054)
07-13 05:25:33.710 25441 25441 W ResourcesCompat: 	at java.lang.reflect.Method.invoke(Native Method)
07-13 05:25:33.710 25441 25441 W ResourcesCompat: 	at com.android.internal.os.RuntimeInit$MethodAndArgsCaller.run(RuntimeInit.java:616)
07-13 05:25:33.710 25441 25441 W ResourcesCompat: 	at com.android.internal.os.ZygoteInit.main(ZygoteInit.java:1115)
07-13 05:25:33.710 25441 25441 D ScrollerOptimizationManager: registerConfigChangedListener
07-13 05:25:33.714 29680 29680 I ActivityThread: Current dynamic renderEngine type=0
07-13 05:25:33.714 25441 25441 W WindowOnBackDispatcher: OnBackInvokedCallback is not enabled for the application.
07-13 05:25:33.714 25441 25441 W WindowOnBackDispatcher: Set 'android:enableOnBackInvokedCallback="true"' in the application manifest.
07-13 05:25:33.725 25441 25441 D CompatChangeReporter: Compat change id reported: 63938206; UID 10384; state: ENABLED
07-13 05:25:33.727 29680 29704 D MiuiDownscaleImpl: set override inverted scale : 1.0
07-13 05:25:33.728 25441 25441 D ScrollerOptimizationManager: registerConfigChangedListener
07-13 05:25:33.728 29680 29680 I RENDER_TURBO: onActivityThreadCreate not in white list, pkg=io.najishab.najibox:bg, type=duchamp
07-13 05:25:33.729 25441 25441 W TabLayout: MODE_SCROLLABLE + GRAVITY_FILL is not supported, GRAVITY_START will be used instead
07-13 05:25:33.730 25441 25441 D ScrollerOptimizationManager: registerConfigChangedListener
07-13 05:25:33.731 29680 29680 I shab.najibox:bg: AssetManager2(0xb400007ab4e350b8) locale list changing from [en-US] to [en]
07-13 05:25:33.733 29680 29680 D ActivityThread: setEmbeddedParam packageName=io.najishab.najibox processName=io.najishab.najibox:bg isEmbedded=false isIsolated=false
07-13 05:25:33.733 29680 29680 D ApplicationLoaders: Returning zygote-cached class loader: /system_ext/framework/androidx.window.extensions.jar
07-13 05:25:33.733 29680 29680 D ApplicationLoaders: Returning zygote-cached class loader: /system_ext/framework/androidx.window.sidecar.jar
07-13 05:25:33.734 25441 29694 E ajishab.najibox: No package ID 6a found for resource ID 0x6a0b0013.
07-13 05:25:33.735 25441 29694 I FA      : App measurement initialized, version: 175000
07-13 05:25:33.735 25441 29694 I FA      : To enable debug logging run: adb shell setprop log.tag.FA VERBOSE
07-13 05:25:33.735 25441 29694 I FA      : To enable faster debug mode event logging run:
07-13 05:25:33.735 25441 29694 I FA      :   adb shell setprop debug.firebase.analytics.app io.najishab.najibox
07-13 05:25:33.736 29680 29680 D nativeloader: Configuring clns-10 for other apk /data/app/~~4-mr-XR5p2BlXIuvrJDV2A==/io.najishab.najibox-7l9MFSrIrbJaqszy-q9JwA==/base.apk. target_sdk_version=35, uses_libraries=, library_path=/data/app/~~4-mr-XR5p2BlXIuvrJDV2A==/io.najishab.najibox-7l9MFSrIrbJaqszy-q9JwA==/lib/arm64:/data/app/~~4-mr-XR5p2BlXIuvrJDV2A==/io.najishab.najibox-7l9MFSrIrbJaqszy-q9JwA==/base.apk!/lib/arm64-v8a, permitted_path=/data:/mnt/expand:/data/user/0/io.najishab.najibox
07-13 05:25:33.737 29680 29680 D CompatChangeReporter: Compat change id reported: 202956589; UID 10384; state: ENABLED
07-13 05:25:33.739 29680 29680 I shab.najibox:bg: AssetManager2(0xb400007ab4e31b98) locale list changing from [] to [en]
07-13 05:25:33.742 29680 29680 E MiuiPreloadClassImpl: invoke error.
07-13 05:25:33.744 29680 29680 D HWUI    : [HWUI] Flag vulkan_enhance_pipeline_cache enabled
07-13 05:25:33.744 29680 29680 D HWUI    : [HWUI] EnhanceVkPipelineCache is disabled
07-13 05:25:33.744 29680 29680 D HWUI    : [HWUI] Flag ddre enabled
07-13 05:25:33.744 25441 25441 D CompatChangeReporter: Compat change id reported: 352594277; UID 10384; state: ENABLED
07-13 05:25:33.744 29680 29680 V GraphicsEnvironment: Currently set values for:
07-13 05:25:33.745 29680 29680 V GraphicsEnvironment:   angle_gl_driver_selection_pkgs=[com.android.angle, com.linecorp.b612.android, com.campmobile.snow, com.google.android.apps.tachyon]
07-13 05:25:33.745 29680 29680 V GraphicsEnvironment:   angle_gl_driver_selection_values=[angle, native, native, native]
07-13 05:25:33.745 29680 29680 V GraphicsEnvironment: io.najishab.najibox is not listed in per-application setting
07-13 05:25:33.745 29680 29708 D MiuiMonitorThread: Shared singleton Thread for stability monitor start
07-13 05:25:33.745 29680 29680 V GraphicsEnvironment: ANGLE allowlist from config: 
07-13 05:25:33.745 29680 29680 V GraphicsEnvironment: io.najishab.najibox is not listed in ANGLE allowlist or settings, returning default
07-13 05:25:33.745 29680 29680 V GraphicsEnvironment: App is not on the allowlist for updatable production driver.
07-13 05:25:33.746 29680 29680 D ActivityThread: useGrowthLimitOutExpendMethod invoke error.
07-13 05:25:33.748 29680 29708 I ActivityThread: TrafficStats init done
07-13 05:25:33.748 25441 25441 D CompatChangeReporter: Compat change id reported: 303326708; UID 10384; state: ENABLED
07-13 05:25:33.751 29680 29680 D ResMonitorStub: The current process type is: third_party_app, process name is: io.najishab.najibox:bg
07-13 05:25:33.751 29680 29708 E ashmem  : Pinning is deprecated since Android Q. Please use trim or other methods.
07-13 05:25:33.753 29680 29680 I MiuiAppAdaptationStubsControl: Feature Flag of ThirdAppOpt is turned off
07-13 05:25:33.760 25441 25441 D Activity: Activity = ActivityInfo{a3a81e8 io.najishab.najibox.ui.MainActivity}, Resume onConfigurationChanged = {1.0 432mcc11mnc [en,en_US] ldltr sw407dp w407dp h904dp 480dpi nrml long widecg port finger -keyb/v/h -nav/h winConfig={ mBounds=Rect(0, 0 - 1220, 2712) mAppBounds=Rect(0, 0 - 1220, 2712) mMaxBounds=Rect(0, 0 - 1220, 2712) mDisplayRotation=ROTATION_0 mWindowingMode=fullscreen mActivityType=standard mAlwaysOnTop=undefined mRotation=ROTATION_0 mInSplitScreen=false letterBoxed=false foScaled=false isSpecificEmbedded=false embeddingScale=1.0} s.2 fontWeightAdjustment=0/d/0 themeChanged=0 themeChangedFlags=0 display=0 extraData = Bundle[{}] screenType=0/0}
07-13 05:25:33.761 25441 29649 D SessionLifecycleClient: Queued message 1. Queue size 1
07-13 05:25:33.761 25441 29694 I FA      : Tag Manager is not found and thus will not be used
07-13 05:25:33.763 25441 25441 D SecurityManager: checkAccessControl flag0
07-13 05:25:33.764 25441 29701 I PowerHalWrapper: PowerHalWrapper.getInstance 
07-13 05:25:33.767 29680 29708 I ForceDarkHelperStubImpl: initialize for io.najishab.najibox , ForceDarkAppConfig: null
07-13 05:25:33.768 29680 29708 D nativeloader: Load libforcedarkimpl.so using system ns (caller=/system_ext/framework/miui-framework.jar): ok
07-13 05:25:33.768 29680 29708 D HWUI    : JNI_OnLoad success
07-13 05:25:33.768 29680 29708 I MiuiForceDarkConfig: setConfig density:3.000000, mainRule:0, secondaryRule:0, tertiaryRule:0
07-13 05:25:33.771 25441 25441 I SurfaceFactory: [static] sSurfaceFactory = com.mediatek.view.impl.SurfaceFactoryImpl@fecb806
07-13 05:25:33.774 25441 25441 D CompatChangeReporter: Compat change id reported: 349153669; UID 10384; state: ENABLED
07-13 05:25:33.775 29680 29708 I ActivityThread: Miui Feature Init done
07-13 05:25:33.775 25441 25441 D FramePredict: FramePredict init: false
07-13 05:25:33.775 25441 25441 D FramePredict: init success
07-13 05:25:33.776 25441 25441 D MiuiCameraCoveredManager: java.lang.NullPointerException: Attempt to invoke virtual method 'java.lang.String android.provider.MiuiSettings$SettingsCloudData$CloudData.getString(java.lang.String, java.lang.String)' on a null object reference
07-13 05:25:33.776 25441 25441 W libc    : Access denied finding property "ro.vendor.perf.scroll_opt"
07-13 05:25:33.777 25441 29717 E FramePredict: registerContentObserver fail
07-13 05:25:33.777 25441 25441 E MI-PreRender: init cloud whiteList failed
07-13 05:25:33.779 25441 25441 D ajishab.najibox: MiuiProcessManagerServiceStub setSchedFifo
07-13 05:25:33.779 25441 25441 I MiuiProcessManagerImpl: setSchedFifo pid:25441, mode:3
07-13 05:25:33.781 25441 29672 W libc    : Access denied finding property "ro.vendor.display.iris_x7.support"
07-13 05:25:33.781 25441 29672 I pwIrisCR: isCnVersion = 0, isSupportIris = 0
07-13 05:25:33.782 29680 29680 D nativeloader: Load /data/app/~~4-mr-XR5p2BlXIuvrJDV2A==/io.najishab.najibox-7l9MFSrIrbJaqszy-q9JwA==/lib/arm64/libgojni.so using class loader ns clns-10 (caller=/data/app/~~4-mr-XR5p2BlXIuvrJDV2A==/io.najishab.najibox-7l9MFSrIrbJaqszy-q9JwA==/base.apk): ok
07-13 05:25:33.783 25441 29719 W ServiceManagerCppClient: Failed to get isDeclared for mapper/mediatek: Status(-1, EX_SECURITY): 'SELinux denied for service.'
07-13 05:25:33.783 25441 29719 E Gralloc5: Failed to load mapper.mediatek.so
07-13 05:25:33.784 25441 25441 I ForceDarkHelperStubImpl: setViewRootImplForceDark: false for io.najishab.najibox.ui.MainActivity@63c9435, reason: AppDarkModeEnable
07-13 05:25:33.785 25441 25441 D FirstFrameSpeedUp: bls: [com.xcj.hm.kangfuyixue]
07-13 05:25:33.785 25441 25441 I ViewRootImpl: io.najishab.najibox/io.najishab.najibox.ui.MainActivity use first frame acceleration
07-13 05:25:33.791 25441 25441 D InputEventReceiver: Input log is disabled in InputEventReceiver.
07-13 05:25:33.791 25441 25441 I Choreographer: first vsync insert message into MessageQueue Head
07-13 05:25:33.792 25441 25441 D UnionPowerNotifier: check_union_power_ioctl -1
07-13 05:25:33.793 25441 25441 I ComputilityLevel: getComputilityLevel(): 4
07-13 05:25:33.793 25441 25441 D AutofillManager: view not autofillable - not passing ime action check
07-13 05:25:33.804 25441 25441 E ajishab.najibox: [perfctl] 25441 25441 FPSGO ver:7
07-13 05:25:33.804 25441 25441 E ajishab.najibox: [perfctl] 1 1 1 0
07-13 05:25:33.804 25441 25441 D BufferQueueConsumer: [](id:636100000000,api:0,p:-1,c:25441) connect: controlledByApp=false
07-13 05:25:33.806 25441 25441 D BLASTBufferQueue: [VRI[MainActivity]#0](f:0,a:0) constructor()
07-13 05:25:33.806 25441 25441 D BLASTBufferQueue: [VRI[MainActivity]#0](f:0,a:0) update width=1220 height=2712 format=-1 mTransformHint=0
07-13 05:25:33.816 29680 29680 E shab.najibox:bg: hiddenapi: Accessing hidden field Ljava/util/Collections$SynchronizedCollection;->mutex:Ljava/lang/Object; (runtime_flags=0, domain=core-platform, api=max-target-o) from Lj$/util/DesugarCollections; (domain=app, TargetSdkVersion=35) using reflection: denied
07-13 05:25:33.817 29680 29680 E shab.najibox:bg: hiddenapi: Accessing hidden method Ljava/util/Collections$SynchronizedSet;-><init>(Ljava/util/Set;Ljava/lang/Object;)V (runtime_flags=0, domain=core-platform, api=max-target-o) from Lj$/util/DesugarCollections; (domain=app, TargetSdkVersion=35) using reflection: denied
07-13 05:25:33.817 29680 29680 E shab.najibox:bg: hiddenapi: Accessing hidden method Ljava/util/Collections$SynchronizedCollection;-><init>(Ljava/util/Collection;Ljava/lang/Object;)V (runtime_flags=0, domain=core-platform, api=max-target-o) from Lj$/util/DesugarCollections; (domain=app, TargetSdkVersion=35) using reflection: denied
07-13 05:25:33.820 25441 25441 D VRI[MainActivity]: vri.reportNextDraw 0 Rect(0, 0 - 1220, 2712) android.view.ViewRootImpl.performTraversals:5592 android.view.ViewRootImpl.doTraversal:4145 android.view.ViewRootImpl$TraversalRunnable.run:12536 android.view.Choreographer$CallbackRecord.run:2037 android.view.Choreographer$CallbackRecord.run:2046 
07-13 05:25:33.820 25441 25441 D VRI[MainActivity]: vri.Setup new sync=wmsSync-VRI[MainActivity]#0
07-13 05:25:33.846 25441 29672 I GrallocExtra: gralloc_extra_query:is_SW3D 0
07-13 05:25:33.846 25441 29672 W libc    : Access denied finding property "ro.vendor.display.iris_x7.support"
07-13 05:25:33.846 25441 29672 D BLASTBufferQueue: [VRI[MainActivity]#0](f:0,a:1) acquireNextBufferLocked size=1220x2712 mFrameNumber=1 applyTransaction=true mTimestamp=104418571973299(auto) mPendingTransactions.size=0 graphicBufferId=109268262977538 transform=0
07-13 05:25:33.847 25441 25441 D VRI[MainActivity]: vri.reportDrawFinished 0 0 Rect(0, 0 - 1220, 2712)
07-13 05:25:33.848 25441 25441 D SessionLifecycleService: Service created on process 25441
07-13 05:25:33.849 25441 25441 D SessionLifecycleService: Service bound to new client on process 25441
07-13 05:25:33.849 25441 29738 D SessionLifecycleService: App has not yet foregrounded. Using previously stored session.
07-13 05:25:33.849 25441 29738 D SessionLifecycleService: Client android.os.Messenger@118edb4 bound at 104418575. Clients: 1
07-13 05:25:33.852 25441 29672 D HWUI    : [HWUI] Flag vulkan_enhance_pipeline_cache enabled
07-13 05:25:33.852 25441 29672 D HWUI    : [HWUI] EnhanceVkPipelineCache is disabled
07-13 05:25:33.852 25441 29672 D HWUI    : [HWUI] Flag ddre enabled
07-13 05:25:33.859 25441 25441 D ScrollerOptimizationManager: registerConfigChangedListener
07-13 05:25:33.861 25441 25441 D ScrollerOptimizationManager: registerConfigChangedListener
07-13 05:25:33.862 25441 25441 D ScrollerOptimizationManager: registerConfigChangedListener
07-13 05:25:33.870 25441 25441 D SessionLifecycleClient: Connected to SessionLifecycleService. Queue size 1
07-13 05:25:33.870 25441 29645 D SessionLifecycleClient: Sending lifecycle 1 to service
07-13 05:25:33.870 25441 29738 D SessionLifecycleService: Activity foregrounding at 104418596.
07-13 05:25:33.870 25441 29738 D SessionLifecycleService: Cold start detected.
07-13 05:25:33.871 25441 29738 D SessionLifecycleService: Generated new session.
07-13 05:25:33.871 25441 29738 D SessionLifecycleService: Broadcasting new session
07-13 05:25:33.878 25441 25441 D SessionLifecycleClient: Session update received.
07-13 05:25:33.885 25441 29650 D SessionFirelogPublisher: Data Collection is enabled for at least one Subscriber
07-13 05:25:33.885 25441 29644 D SessionLifecycleClient: Notified CRASHLYTICS of new session d7834987293e41a0884e8ff121ae0d2c
07-13 05:25:33.895 25441 29649 D EventGDTLogger: Session Event Type: SESSION_START
07-13 05:25:33.896 25441 29649 D SessionFirelogPublisher: Successfully logged Session Start event.
07-13 05:25:33.898 25441 25441 D CompatChangeReporter: Compat change id reported: 270674727; UID 10384; state: ENABLED
07-13 05:25:33.903 25441 29643 D CompatChangeReporter: Compat change id reported: 311402873; UID 10384; state: ENABLED
07-13 05:25:33.903 25441 29643 D CompatChangeReporter: Compat change id reported: 323349338; UID 10384; state: ENABLED
07-13 05:25:33.918 25441 25441 I HandWritingStubImpl: refreshLastKeyboardType: 1
07-13 05:25:33.918 25441 25441 I HandWritingStubImpl: getCurrentKeyboardType: 1
07-13 05:25:33.926 25441 25441 D InsetsController: hide(ime(), fromIme=false)
07-13 05:25:33.926 25441 25441 I ImeTracker: io.najishab.najibox:7544e80e: onCancelled at PHASE_CLIENT_ALREADY_HIDDEN
07-13 05:25:33.928 25441 25441 I HandWritingStubImpl: getCurrentKeyboardType: 1
07-13 05:25:34.186 25441 25441 D ScrollerOptimizationManager: registerConfigChangedListener
07-13 05:25:35.040 25441 25441 I MIUIInput: [MotionEvent] ViewRootImpl windowName 'io.najishab.najibox/io.najishab.najibox.ui.MainActivity', { action=ACTION_DOWN, id[0]=0, pointerCount=1, eventTime=104419762, downTime=104419762, phoneEventTime=05:25:35.036 } moveCount:0
07-13 05:25:35.044 25441 25441 D VRI[MainActivity]: getMiuiFreeformStackInfo mTmpFrames.miuiFreeFormStackInfo: null
07-13 05:25:35.090 25441 25441 I MIUIInput: [MotionEvent] ViewRootImpl windowName 'io.najishab.najibox/io.najishab.najibox.ui.MainActivity', { action=ACTION_UP, id[0]=0, pointerCount=1, eventTime=104419814, downTime=104419762, phoneEventTime=05:25:35.088 } moveCount:0
07-13 05:25:35.118 25441 25441 D ScrollerOptimizationManager: registerConfigChangedListener
07-13 05:25:35.120 25441 29746 I PowerHalMgrImpl: perfLockAcq is supported. 
07-13 05:25:35.121 25441 29746 I PowerHalWrapper: PowerHalWrapper.getInstance 
07-13 05:25:35.123 25441 29672 E ajishab.najibox: legacy_receive_flag: 1
07-13 05:25:35.124 25441 29672 D ajishab.najibox: /proc/perfmgr_sbe/sbe_ioctl not exists: No such file or directory
07-13 05:25:35.135 25441 25441 I PowerHalWrapper: PowerHalWrapper.getInstance 
07-13 05:25:35.323 25441 25441 I HandWritingStubImpl: refreshLastKeyboardType: 1
07-13 05:25:35.323 25441 25441 I HandWritingStubImpl: getCurrentKeyboardType: 1
07-13 05:25:35.916 25441 25441 I MIUIInput: [MotionEvent] ViewRootImpl windowName 'io.najishab.najibox/io.najishab.najibox.ui.MainActivity', { action=ACTION_DOWN, id[0]=0, pointerCount=1, eventTime=104420640, downTime=104420640, phoneEventTime=05:25:35.914 } moveCount:0
07-13 05:25:35.917 25441 25441 D VRI[MainActivity]: getMiuiFreeformStackInfo mTmpFrames.miuiFreeFormStackInfo: null
07-13 05:25:35.971 25441 25441 I MIUIInput: [MotionEvent] ViewRootImpl windowName 'io.najishab.najibox/io.najishab.najibox.ui.MainActivity', { action=ACTION_UP, id[0]=0, pointerCount=1, eventTime=104420696, downTime=104420640, phoneEventTime=05:25:35.970 } moveCount:0
07-13 05:25:35.993 25441 25441 D DecorView: updateFreeformOutlineFromActivity, inFreeform=false,inFreeformWindowMode=false
07-13 05:25:36.500 25441 29672 E LB      : fail to open file: No such file or directory
07-13 05:25:36.494 25441 25441 W RenderThread: type=1400 audit(0.0:1232424): avc:  denied  { getattr } for  path="/sys/module/metis/parameters/minor_window_app" dev="sysfs" ino=124037 scontext=u:r:untrusted_app:s0:c128,c257,c512,c768 tcontext=u:object_r:sysfs_migt:s0 tclass=file permissive=0 app=io.najishab.najibox
07-13 05:25:36.716 25441 25441 I MIUIInput: [MotionEvent] ViewRootImpl windowName 'io.najishab.najibox/io.najishab.najibox.ui.MainActivity', { action=ACTION_DOWN, id[0]=0, pointerCount=1, eventTime=104421439, downTime=104421439, phoneEventTime=05:25:36.713 } moveCount:0
07-13 05:25:36.716 25441 25441 D VRI[MainActivity]: getMiuiFreeformStackInfo mTmpFrames.miuiFreeFormStackInfo: null
07-13 05:25:36.793 25441 25441 I MIUIInput: [MotionEvent] ViewRootImpl windowName 'io.najishab.najibox/io.najishab.najibox.ui.MainActivity', { action=ACTION_UP, id[0]=0, pointerCount=1, eventTime=104421517, downTime=104421439, phoneEventTime=05:25:36.791 } moveCount:0
07-13 05:25:37.105 25441 25441 I MIUIInput: [MotionEvent] ViewRootImpl windowName 'io.najishab.najibox/io.najishab.najibox.ui.MainActivity', { action=ACTION_DOWN, id[0]=0, pointerCount=1, eventTime=104421829, downTime=104421829, phoneEventTime=05:25:37.103 } moveCount:0
07-13 05:25:37.105 25441 25441 D VRI[MainActivity]: getMiuiFreeformStackInfo mTmpFrames.miuiFreeFormStackInfo: null
07-13 05:25:37.202 25441 25441 I MIUIInput: [MotionEvent] ViewRootImpl windowName 'io.najishab.najibox/io.najishab.najibox.ui.MainActivity', { action=ACTION_UP, id[0]=0, pointerCount=1, eventTime=104421925, downTime=104421829, phoneEventTime=05:25:37.199 } moveCount:0
07-13 05:25:37.518 25441 25441 I MIUIInput: [MotionEvent] ViewRootImpl windowName 'io.najishab.najibox/io.najishab.najibox.ui.MainActivity', { action=ACTION_DOWN, id[0]=0, pointerCount=1, eventTime=104422241, downTime=104422241, phoneEventTime=05:25:37.515 } moveCount:0
07-13 05:25:37.518 25441 25441 D VRI[MainActivity]: getMiuiFreeformStackInfo mTmpFrames.miuiFreeFormStackInfo: null
07-13 05:25:37.600 25441 25441 I MIUIInput: [MotionEvent] ViewRootImpl windowName 'io.najishab.najibox/io.najishab.najibox.ui.MainActivity', { action=ACTION_UP, id[0]=0, pointerCount=1, eventTime=104422324, downTime=104422241, phoneEventTime=05:25:37.598 } moveCount:0
07-13 05:25:37.784 25441 25441 I MIUIInput: [MotionEvent] ViewRootImpl windowName 'io.najishab.najibox/io.najishab.najibox.ui.MainActivity', { action=ACTION_DOWN, id[0]=0, pointerCount=1, eventTime=104422508, downTime=104422508, phoneEventTime=05:25:37.782 } moveCount:0
07-13 05:25:37.785 25441 25441 D VRI[MainActivity]: getMiuiFreeformStackInfo mTmpFrames.miuiFreeFormStackInfo: null
07-13 05:25:37.871 25441 25441 I MIUIInput: [MotionEvent] ViewRootImpl windowName 'io.najishab.najibox/io.najishab.najibox.ui.MainActivity', { action=ACTION_UP, id[0]=0, pointerCount=1, eventTime=104422595, downTime=104422508, phoneEventTime=05:25:37.869 } moveCount:0
07-13 05:25:38.039 25441 25441 I MIUIInput: [MotionEvent] ViewRootImpl windowName 'io.najishab.najibox/io.najishab.najibox.ui.MainActivity', { action=ACTION_DOWN, id[0]=0, pointerCount=1, eventTime=104422761, downTime=104422761, phoneEventTime=05:25:38.035 } moveCount:0
07-13 05:25:38.039 25441 25441 D VRI[MainActivity]: getMiuiFreeformStackInfo mTmpFrames.miuiFreeFormStackInfo: null
07-13 05:25:38.119 25441 25441 I MIUIInput: [MotionEvent] ViewRootImpl windowName 'io.najishab.najibox/io.najishab.najibox.ui.MainActivity', { action=ACTION_UP, id[0]=0, pointerCount=1, eventTime=104422841, downTime=104422761, phoneEventTime=05:25:38.115 } moveCount:0
07-13 05:25:38.338 25441 25441 I MIUIInput: [MotionEvent] ViewRootImpl windowName 'io.najishab.najibox/io.najishab.najibox.ui.MainActivity', { action=ACTION_DOWN, id[0]=0, pointerCount=1, eventTime=104423062, downTime=104423062, phoneEventTime=05:25:38.336 } moveCount:0
07-13 05:25:38.339 25441 25441 D VRI[MainActivity]: getMiuiFreeformStackInfo mTmpFrames.miuiFreeFormStackInfo: null
07-13 05:25:38.433 25441 25441 I MIUIInput: [MotionEvent] ViewRootImpl windowName 'io.najishab.najibox/io.najishab.najibox.ui.MainActivity', { action=ACTION_UP, id[0]=0, pointerCount=1, eventTime=104423156, downTime=104423062, phoneEventTime=05:25:38.430 } moveCount:0
07-13 05:25:38.682 25441 25441 I MIUIInput: [MotionEvent] ViewRootImpl windowName 'io.najishab.najibox/io.najishab.najibox.ui.MainActivity', { action=ACTION_DOWN, id[0]=0, pointerCount=1, eventTime=104423405, downTime=104423405, phoneEventTime=05:25:38.679 } moveCount:0
07-13 05:25:38.682 25441 25441 D VRI[MainActivity]: getMiuiFreeformStackInfo mTmpFrames.miuiFreeFormStackInfo: null
07-13 05:25:38.776 25441 25441 I MIUIInput: [MotionEvent] ViewRootImpl windowName 'io.najishab.najibox/io.najishab.najibox.ui.MainActivity', { action=ACTION_UP, id[0]=0, pointerCount=1, eventTime=104423500, downTime=104423405, phoneEventTime=05:25:38.774 } moveCount:0
07-13 05:25:38.857 25441 29672 E ajishab.najibox: FrameInsert open fail: No such file or directory
07-13 05:25:39.005 25441 25441 I MIUIInput: [MotionEvent] ViewRootImpl windowName 'io.najishab.najibox/io.najishab.najibox.ui.MainActivity', { action=ACTION_DOWN, id[0]=0, pointerCount=1, eventTime=104423729, downTime=104423729, phoneEventTime=05:25:39.003 } moveCount:0
07-13 05:25:39.006 25441 25441 D VRI[MainActivity]: getMiuiFreeformStackInfo mTmpFrames.miuiFreeFormStackInfo: null
07-13 05:25:39.066 25441 25441 I MIUIInput: [MotionEvent] ViewRootImpl windowName 'io.najishab.najibox/io.najishab.najibox.ui.MainActivity', { action=ACTION_UP, id[0]=0, pointerCount=1, eventTime=104423790, downTime=104423729, phoneEventTime=05:25:39.064 } moveCount:0
07-13 05:25:39.099 25441 29650 D SessionLifecycleClient: Sending lifecycle 2 to service
07-13 05:25:39.099 25441 29738 D SessionLifecycleService: Activity backgrounding at 104423825
07-13 05:25:39.109 25441 25441 I ajishab.najibox: AssetManager2(0xb400007ab4e350b8) locale list changing from [en] to [en,en-US]
07-13 05:25:39.109 25441 25441 I ajishab.najibox: AssetManager2(0xb400007ab4e350b8) default locale changing from '' to 'en-US'
07-13 05:25:39.109 25441 25441 I ajishab.najibox: AssetManager2(0xb400007ab4e3cdb8) locale list changing from [en] to [en,en-US]
07-13 05:25:39.109 25441 25441 I ajishab.najibox: AssetManager2(0xb400007ab4e3cdb8) default locale changing from '' to 'en-US'
07-13 05:25:39.110 25441 29626 I ActivityThread: HardwareRenderer preload  done
07-13 05:25:39.121 25441 25441 D DecorView: updateFreeformOutlineFromActivity, inFreeform=false,inFreeformWindowMode=false
07-13 05:25:39.126 25441 25441 W WindowOnBackDispatcher: OnBackInvokedCallback is not enabled for the application.
07-13 05:25:39.126 25441 25441 W WindowOnBackDispatcher: Set 'android:enableOnBackInvokedCallback="true"' in the application manifest.
07-13 05:25:39.126 25441 25441 D Activity: Activity = ActivityInfo{661b45c io.najishab.najibox.ui.profile.VMessSettingsActivity}, Resume onConfigurationChanged = {1.0 432mcc11mnc [en,en_US] ldltr sw407dp w407dp h904dp 480dpi nrml long widecg port finger -keyb/v/h -nav/h winConfig={ mBounds=Rect(0, 0 - 1220, 2712) mAppBounds=Rect(0, 0 - 1220, 2712) mMaxBounds=Rect(0, 0 - 1220, 2712) mDisplayRotation=ROTATION_0 mWindowingMode=fullscreen mActivityType=standard mAlwaysOnTop=undefined mRotation=ROTATION_0 mInSplitScreen=false letterBoxed=false foScaled=false isSpecificEmbedded=false embeddingScale=1.0} s.2 fontWeightAdjustment=0/d/0 themeChanged=0 themeChangedFlags=0 display=0 extraData = Bundle[{}] screenType=0/0}
07-13 05:25:39.126 25441 29644 D SessionLifecycleClient: Sending lifecycle 1 to service
07-13 05:25:39.126 25441 29738 D SessionLifecycleService: Activity foregrounding at 104423852.
07-13 05:25:39.127 25441 25441 D SecurityManager: checkAccessControl flag0
07-13 05:25:39.128 25441 25441 D MiuiCameraCoveredManager: java.lang.NullPointerException: Attempt to invoke virtual method 'java.lang.String android.provider.MiuiSettings$SettingsCloudData$CloudData.getString(java.lang.String, java.lang.String)' on a null object reference
07-13 05:25:39.128 25441 25441 I ForceDarkHelperStubImpl: setViewRootImplForceDark: false for io.najishab.najibox.ui.profile.VMessSettingsActivity@724bee7, reason: AppDarkModeEnable
07-13 05:25:39.128 25441 25441 I ViewRootImpl: io.najishab.najibox/io.najishab.najibox.ui.profile.VMessSettingsActivity use first frame acceleration
07-13 05:25:39.131 25441 25441 D InputEventReceiver: Input log is disabled in InputEventReceiver.
07-13 05:25:39.131 25441 25441 I Choreographer: first vsync insert message into MessageQueue Head
07-13 05:25:39.131 25441 25441 I ComputilityLevel: getComputilityLevel(): 4
07-13 05:25:39.137 25441 25441 D BufferQueueConsumer: [](id:636100000001,api:0,p:-1,c:25441) connect: controlledByApp=false
07-13 05:25:39.137 25441 25441 D BLASTBufferQueue: [VRI[VMessSettingsActivity]#1](f:0,a:0) constructor()
07-13 05:25:39.137 25441 25441 D BLASTBufferQueue: [VRI[VMessSettingsActivity]#1](f:0,a:0) update width=1220 height=2712 format=-1 mTransformHint=0
07-13 05:25:39.140 25441 25441 D VRI[VMessSettingsActivity]: vri.reportNextDraw 0 Rect(0, 0 - 1220, 2712) android.view.ViewRootImpl.performTraversals:5592 android.view.ViewRootImpl.doTraversal:4145 android.view.ViewRootImpl$TraversalRunnable.run:12536 android.view.Choreographer$CallbackRecord.run:2037 android.view.Choreographer$CallbackRecord.run:2046 
07-13 05:25:39.140 25441 25441 D VRI[VMessSettingsActivity]: vri.Setup new sync=wmsSync-VRI[VMessSettingsActivity]#2
07-13 05:25:39.144 25441 29672 D BLASTBufferQueue: [VRI[VMessSettingsActivity]#1](f:0,a:1) acquireNextBufferLocked size=1220x2712 mFrameNumber=1 applyTransaction=true mTimestamp=104423869796992(auto) mPendingTransactions.size=0 graphicBufferId=109268262977540 transform=0
07-13 05:25:39.144 25441 25441 D VRI[VMessSettingsActivity]: vri.reportDrawFinished 0 0 Rect(0, 0 - 1220, 2712)
07-13 05:25:39.146 25441 29672 D HWUI    : [HWUI] Flag vulkan_enhance_pipeline_cache enabled
07-13 05:25:39.146 25441 29672 D HWUI    : [HWUI] EnhanceVkPipelineCache is disabled
07-13 05:25:39.146 25441 29672 D HWUI    : [HWUI] Flag ddre enabled
07-13 05:25:39.187 25441 25441 I HandWritingStubImpl: refreshLastKeyboardType: 1
07-13 05:25:39.187 25441 25441 I HandWritingStubImpl: getCurrentKeyboardType: 1
07-13 05:25:39.189 25441 25441 D InsetsController: hide(ime(), fromIme=false)
07-13 05:25:39.189 25441 25441 I ImeTracker: io.najishab.najibox:513ffc9: onCancelled at PHASE_CLIENT_ALREADY_HIDDEN
07-13 05:25:39.358 25441 25441 I MIUIInput: [MotionEvent] ViewRootImpl windowName 'io.najishab.najibox/io.najishab.najibox.ui.profile.VMessSettingsActivity', { action=ACTION_DOWN, id[0]=0, pointerCount=1, eventTime=104424081, downTime=104424081, phoneEventTime=05:25:39.355 } moveCount:0
07-13 05:25:39.359 25441 25441 D VRI[VMessSettingsActivity]: getMiuiFreeformStackInfo mTmpFrames.miuiFreeFormStackInfo: null
07-13 05:25:39.410 25441 25441 I MIUIInput: [MotionEvent] ViewRootImpl windowName 'io.najishab.najibox/io.najishab.najibox.ui.profile.VMessSettingsActivity', { action=ACTION_UP, id[0]=0, pointerCount=1, eventTime=104424134, downTime=104424081, phoneEventTime=05:25:39.408 } moveCount:0
07-13 05:25:39.691 25441 25441 D VRI[MainActivity]: visibilityChanged oldVisibility=true newVisibility=false
07-13 05:25:39.704 25441 29672 D HWUI    : endAllActiveAnimators on 0xb400007b04f37260 (RippleDrawable) with handle 0xb400007af4ec6330
07-13 05:25:39.716 25441 25441 W ajishab.najibox: Binder 0xb400007a04eba460 destroyed after setInheritRt before being parceled.
07-13 05:25:39.717 25441 25441 D BLASTBufferQueue: [VRI[MainActivity]#0](f:0,a:2) destructor()
07-13 05:25:39.717 25441 25441 D BufferQueueConsumer: [VRI[MainActivity]#0(BLAST Consumer)0](id:636100000000,api:0,p:-1,c:25441) disconnect
07-13 05:25:39.997 25441 25441 I MIUIInput: [MotionEvent] ViewRootImpl windowName 'io.najishab.najibox/io.najishab.najibox.ui.profile.VMessSettingsActivity', { action=ACTION_DOWN, id[0]=0, pointerCount=1, eventTime=104424720, downTime=104424720, phoneEventTime=05:25:39.994 } moveCount:0
07-13 05:25:39.998 25441 25441 D VRI[VMessSettingsActivity]: getMiuiFreeformStackInfo mTmpFrames.miuiFreeFormStackInfo: null
07-13 05:25:40.094 25441 25441 I MIUIInput: [MotionEvent] ViewRootImpl windowName 'io.najishab.najibox/io.najishab.najibox.ui.profile.VMessSettingsActivity', { action=ACTION_UP, id[0]=0, pointerCount=1, eventTime=104424817, downTime=104424720, phoneEventTime=05:25:40.091 } moveCount:0
07-13 05:25:40.196 25441 25441 I MIUIInput: [MotionEvent] ViewRootImpl windowName 'io.najishab.najibox/io.najishab.najibox.ui.profile.VMessSettingsActivity', { action=ACTION_DOWN, id[0]=0, pointerCount=1, eventTime=104424918, downTime=104424918, phoneEventTime=05:25:40.192 } moveCount:0
07-13 05:25:40.196 25441 25441 D VRI[VMessSettingsActivity]: getMiuiFreeformStackInfo mTmpFrames.miuiFreeFormStackInfo: null
07-13 05:25:40.277 25441 25441 I MIUIInput: [MotionEvent] ViewRootImpl windowName 'io.najishab.najibox/io.najishab.najibox.ui.profile.VMessSettingsActivity', { action=ACTION_UP, id[0]=0, pointerCount=1, eventTime=104424999, downTime=104424918, phoneEventTime=05:25:40.273 } moveCount:3
07-13 05:25:40.414 25441 25441 I MIUIInput: [MotionEvent] ViewRootImpl windowName 'io.najishab.najibox/io.najishab.najibox.ui.profile.VMessSettingsActivity', { action=ACTION_DOWN, id[0]=0, pointerCount=1, eventTime=104425137, downTime=104425137, phoneEventTime=05:25:40.411 } moveCount:0
07-13 05:25:40.415 25441 25441 D VRI[VMessSettingsActivity]: getMiuiFreeformStackInfo mTmpFrames.miuiFreeFormStackInfo: null
07-13 05:25:40.578 25441 25441 I MIUIInput: [MotionEvent] ViewRootImpl windowName 'io.najishab.najibox/io.najishab.najibox.ui.profile.VMessSettingsActivity', { action=ACTION_UP, id[0]=0, pointerCount=1, eventTime=104425302, downTime=104425137, phoneEventTime=05:25:40.576 } moveCount:8
07-13 05:25:40.579 25441 25441 I ScrollIdentify: on fling
07-13 05:25:40.700 25441 25441 I MIUIInput: [MotionEvent] ViewRootImpl windowName 'io.najishab.najibox/io.najishab.najibox.ui.profile.VMessSettingsActivity', { action=ACTION_DOWN, id[0]=0, pointerCount=1, eventTime=104425423, downTime=104425423, phoneEventTime=05:25:40.697 } moveCount:0
07-13 05:25:40.700 25441 25441 D VRI[VMessSettingsActivity]: getMiuiFreeformStackInfo mTmpFrames.miuiFreeFormStackInfo: null
07-13 05:25:40.842 25441 25441 I MIUIInput: [MotionEvent] ViewRootImpl windowName 'io.najishab.najibox/io.najishab.najibox.ui.profile.VMessSettingsActivity', { action=ACTION_UP, id[0]=0, pointerCount=1, eventTime=104425565, downTime=104425423, phoneEventTime=05:25:40.839 } moveCount:8
07-13 05:25:40.842 25441 25441 I ScrollIdentify: on fling
07-13 05:25:40.997 25441 25441 I MIUIInput: [MotionEvent] ViewRootImpl windowName 'io.najishab.najibox/io.najishab.najibox.ui.profile.VMessSettingsActivity', { action=ACTION_DOWN, id[0]=0, pointerCount=1, eventTime=104425720, downTime=104425720, phoneEventTime=05:25:40.994 } moveCount:0
07-13 05:25:40.997 25441 25441 D VRI[VMessSettingsActivity]: getMiuiFreeformStackInfo mTmpFrames.miuiFreeFormStackInfo: null
07-13 05:25:41.151 25441 25441 I MIUIInput: [MotionEvent] ViewRootImpl windowName 'io.najishab.najibox/io.najishab.najibox.ui.profile.VMessSettingsActivity', { action=ACTION_UP, id[0]=0, pointerCount=1, eventTime=104425874, downTime=104425720, phoneEventTime=05:25:41.148 } moveCount:8
07-13 05:25:41.151 25441 25441 I ScrollIdentify: on fling
07-13 05:25:41.311 25441 25441 I MIUIInput: [MotionEvent] ViewRootImpl windowName 'io.najishab.najibox/io.najishab.najibox.ui.profile.VMessSettingsActivity', { action=ACTION_DOWN, id[0]=0, pointerCount=1, eventTime=104426033, downTime=104426033, phoneEventTime=05:25:41.307 } moveCount:0
07-13 05:25:41.311 25441 25441 D VRI[VMessSettingsActivity]: getMiuiFreeformStackInfo mTmpFrames.miuiFreeFormStackInfo: null
07-13 05:25:41.374 25441 25441 I MiInputConsumer: optimized resample latency: 1017924 ns
07-13 05:25:41.509 25441 25441 I MIUIInput: [MotionEvent] ViewRootImpl windowName 'io.najishab.najibox/io.najishab.najibox.ui.profile.VMessSettingsActivity', { action=ACTION_UP, id[0]=0, pointerCount=1, eventTime=104426234, downTime=104426033, phoneEventTime=05:25:41.508 } moveCount:10
07-13 05:25:41.510 25441 25441 I ScrollIdentify: on fling
07-13 05:25:41.921 25441 25441 I MIUIInput: [MotionEvent] ViewRootImpl windowName 'io.najishab.najibox/io.najishab.najibox.ui.profile.VMessSettingsActivity', { action=ACTION_DOWN, id[0]=0, pointerCount=1, eventTime=104426645, downTime=104426645, phoneEventTime=05:25:41.919 } moveCount:0
07-13 05:25:41.921 25441 25441 D VRI[VMessSettingsActivity]: getMiuiFreeformStackInfo mTmpFrames.miuiFreeFormStackInfo: null
07-13 05:25:42.001 25441 25441 I MIUIInput: [MotionEvent] ViewRootImpl windowName 'io.najishab.najibox/io.najishab.najibox.ui.profile.VMessSettingsActivity', { action=ACTION_UP, id[0]=0, pointerCount=1, eventTime=104426725, downTime=104426645, phoneEventTime=05:25:41.999 } moveCount:0
07-13 05:25:42.010 25441 25441 D AndroidRuntime: Shutting down VM
07-13 05:25:42.010 25441 25441 E AndroidRuntime: FATAL EXCEPTION: main
07-13 05:25:42.010 25441 25441 E AndroidRuntime: Process: io.najishab.najibox, PID: 25441
07-13 05:25:42.010 25441 25441 E AndroidRuntime: java.lang.NullPointerException: Attempt to invoke virtual method 'boolean io.najishab.najibox.ui.profile.ProfileSettingsActivity$MyPreferenceFragmentCompat.onOptionsItemSelected(android.view.MenuItem)' on a null object reference
07-13 05:25:42.010 25441 25441 E AndroidRuntime: 	at io.najishab.najibox.ui.profile.ProfileSettingsActivity.onOptionsItemSelected(SourceFile:5)
07-13 05:25:42.010 25441 25441 E AndroidRuntime: 	at android.app.Activity.onMenuItemSelected(Activity.java:4910)
07-13 05:25:42.010 25441 25441 E AndroidRuntime: 	at androidx.activity.ComponentActivity.onMenuItemSelected(SourceFile:1)
07-13 05:25:42.010 25441 25441 E AndroidRuntime: 	at androidx.fragment.app.FragmentActivity.onMenuItemSelected(SourceFile:1)
07-13 05:25:42.010 25441 25441 E AndroidRuntime: 	at androidx.appcompat.app.AppCompatActivity.onMenuItemSelected(SourceFile:1)
07-13 05:25:42.010 25441 25441 E AndroidRuntime: 	at androidx.appcompat.app.AppCompatDelegateImpl$AppCompatWindowCallback.onMenuItemSelected(SourceFile:3)
07-13 05:25:42.010 25441 25441 E AndroidRuntime: 	at androidx.appcompat.widget.ToolbarWidgetWrapper$1.onClick(SourceFile:14)
07-13 05:25:42.010 25441 25441 E AndroidRuntime: 	at android.view.View.performClick(View.java:8291)
07-13 05:25:42.010 25441 25441 E AndroidRuntime: 	at android.view.View.performClickInternal(View.java:8268)
07-13 05:25:42.010 25441 25441 E AndroidRuntime: 	at android.view.View.-$$Nest$mperformClickInternal(View.java:0)
07-13 05:25:42.010 25441 25441 E AndroidRuntime: 	at android.view.View$PerformClick.run(View.java:33387)
07-13 05:25:42.010 25441 25441 E AndroidRuntime: 	at android.os.Handler.handleCallback(Handler.java:995)
07-13 05:25:42.010 25441 25441 E AndroidRuntime: 	at android.os.Handler.dispatchMessage(Handler.java:103)
07-13 05:25:42.010 25441 25441 E AndroidRuntime: 	at android.os.Looper.loopOnce(Looper.java:267)
07-13 05:25:42.010 25441 25441 E AndroidRuntime: 	at android.os.Looper.loop(Looper.java:360)
07-13 05:25:42.010 25441 25441 E AndroidRuntime: 	at android.app.ActivityThread.main(ActivityThread.java:10054)
07-13 05:25:42.010 25441 25441 E AndroidRuntime: 	at java.lang.reflect.Method.invoke(Native Method)
07-13 05:25:42.010 25441 25441 E AndroidRuntime: 	at com.android.internal.os.RuntimeInit$MethodAndArgsCaller.run(RuntimeInit.java:616)
07-13 05:25:42.010 25441 25441 E AndroidRuntime: 	at com.android.internal.os.ZygoteInit.main(ZygoteInit.java:1115)
07-13 05:25:42.010 25441 25441 E Thread[main,5,main]: java.lang.NullPointerException: Attempt to invoke virtual method 'boolean io.najishab.najibox.ui.profile.ProfileSettingsActivity$MyPreferenceFragmentCompat.onOptionsItemSelected(android.view.MenuItem)' on a null object reference
07-13 05:25:42.010 25441 25441 E Thread[main,5,main]: 	at io.najishab.najibox.ui.profile.ProfileSettingsActivity.onOptionsItemSelected(SourceFile:5)
07-13 05:25:42.010 25441 25441 E Thread[main,5,main]: 	at android.app.Activity.onMenuItemSelected(Activity.java:4910)
07-13 05:25:42.010 25441 25441 E Thread[main,5,main]: 	at androidx.activity.ComponentActivity.onMenuItemSelected(SourceFile:1)
07-13 05:25:42.010 25441 25441 E Thread[main,5,main]: 	at androidx.fragment.app.FragmentActivity.onMenuItemSelected(SourceFile:1)
07-13 05:25:42.010 25441 25441 E Thread[main,5,main]: 	at androidx.appcompat.app.AppCompatActivity.onMenuItemSelected(SourceFile:1)
07-13 05:25:42.010 25441 25441 E Thread[main,5,main]: 	at androidx.appcompat.app.AppCompatDelegateImpl$AppCompatWindowCallback.onMenuItemSelected(SourceFile:3)
07-13 05:25:42.010 25441 25441 E Thread[main,5,main]: 	at androidx.appcompat.widget.ToolbarWidgetWrapper$1.onClick(SourceFile:14)
07-13 05:25:42.010 25441 25441 E Thread[main,5,main]: 	at android.view.View.performClick(View.java:8291)
07-13 05:25:42.010 25441 25441 E Thread[main,5,main]: 	at android.view.View.performClickInternal(View.java:8268)
07-13 05:25:42.010 25441 25441 E Thread[main,5,main]: 	at android.view.View.-$$Nest$mperformClickInternal(View.java:0)
07-13 05:25:42.010 25441 25441 E Thread[main,5,main]: 	at android.view.View$PerformClick.run(View.java:33387)
07-13 05:25:42.010 25441 25441 E Thread[main,5,main]: 	at android.os.Handler.handleCallback(Handler.java:995)
07-13 05:25:42.010 25441 25441 E Thread[main,5,main]: 	at android.os.Handler.dispatchMessage(Handler.java:103)
07-13 05:25:42.010 25441 25441 E Thread[main,5,main]: 	at android.os.Looper.loopOnce(Looper.java:267)
07-13 05:25:42.010 25441 25441 E Thread[main,5,main]: 	at android.os.Looper.loop(Looper.java:360)
07-13 05:25:42.010 25441 25441 E Thread[main,5,main]: 	at android.app.ActivityThread.main(ActivityThread.java:10054)
07-13 05:25:42.010 25441 25441 E Thread[main,5,main]: 	at java.lang.reflect.Method.invoke(Native Method)
07-13 05:25:42.010 25441 25441 E Thread[main,5,main]: 	at com.android.internal.os.RuntimeInit$MethodAndArgsCaller.run(RuntimeInit.java:616)
07-13 05:25:42.010 25441 25441 E Thread[main,5,main]: 	at com.android.internal.os.ZygoteInit.main(ZygoteInit.java:1115)
07-13 05:25:42.044 28998 28998 I najibox:phoenix: Using generational CollectorTypeCMC GC.
07-13 05:25:42.048 28998 28998 D nativeloader: Load libframework-connectivity-tiramisu-jni.so using APEX ns com_android_tethering for caller /apex/com.android.tethering/javalib/framework-connectivity-t.jar: ok
07-13 05:25:42.051 28998 28998 I ActivityThread: Current dynamic renderEngine type=0
07-13 05:25:42.059 28998 29826 D MiuiDownscaleImpl: set override inverted scale : 1.0
07-13 05:25:42.060 28998 28998 I RENDER_TURBO: onActivityThreadCreate not in white list, pkg=io.najishab.najibox:phoenix, type=duchamp
07-13 05:25:42.062 28998 29826 D AppScoutStateMachine: 28998-ScoutStateMachinecreated
07-13 05:25:42.064 28998 28998 I najibox:phoenix: AssetManager2(0xb400007ab4e350b8) locale list changing from [en-US] to [en]
07-13 05:25:42.065 28998 28998 D ActivityThread: setEmbeddedParam packageName=io.najishab.najibox processName=io.najishab.najibox:phoenix isEmbedded=false isIsolated=false
07-13 05:25:42.066 28998 28998 D ApplicationLoaders: Returning zygote-cached class loader: /system_ext/framework/androidx.window.extensions.jar
07-13 05:25:42.066 28998 28998 D ApplicationLoaders: Returning zygote-cached class loader: /system_ext/framework/androidx.window.sidecar.jar
07-13 05:25:42.068 28998 28998 D nativeloader: Configuring clns-10 for other apk /data/app/~~4-mr-XR5p2BlXIuvrJDV2A==/io.najishab.najibox-7l9MFSrIrbJaqszy-q9JwA==/base.apk. target_sdk_version=35, uses_libraries=, library_path=/data/app/~~4-mr-XR5p2BlXIuvrJDV2A==/io.najishab.najibox-7l9MFSrIrbJaqszy-q9JwA==/lib/arm64:/data/app/~~4-mr-XR5p2BlXIuvrJDV2A==/io.najishab.najibox-7l9MFSrIrbJaqszy-q9JwA==/base.apk!/lib/arm64-v8a, permitted_path=/data:/mnt/expand:/data/user/0/io.najishab.najibox
07-13 05:25:42.068 28998 28998 D CompatChangeReporter: Compat change id reported: 202956589; UID 10384; state: ENABLED
07-13 05:25:42.070 28998 28998 I najibox:phoenix: AssetManager2(0xb400007ab4e3cdb8) locale list changing from [] to [en]
07-13 05:25:42.071 28998 28998 E MiuiPreloadClassImpl: invoke error.
07-13 05:25:42.071 28998 29829 D MiuiMonitorThread: Shared singleton Thread for stability monitor start
07-13 05:25:42.071 28998 28998 D HWUI    : [HWUI] Flag vulkan_enhance_pipeline_cache enabled
07-13 05:25:42.071 28998 28998 D HWUI    : [HWUI] EnhanceVkPipelineCache is disabled
07-13 05:25:42.071 28998 28998 D HWUI    : [HWUI] Flag ddre enabled
07-13 05:25:42.072 28998 28998 V GraphicsEnvironment: Currently set values for:
07-13 05:25:42.072 28998 28998 V GraphicsEnvironment:   angle_gl_driver_selection_pkgs=[com.android.angle, com.linecorp.b612.android, com.campmobile.snow, com.google.android.apps.tachyon]
07-13 05:25:42.072 28998 28998 V GraphicsEnvironment:   angle_gl_driver_selection_values=[angle, native, native, native]
07-13 05:25:42.072 28998 28998 V GraphicsEnvironment: io.najishab.najibox is not listed in per-application setting
07-13 05:25:42.072 28998 28998 V GraphicsEnvironment: ANGLE allowlist from config: 
07-13 05:25:42.072 28998 28998 V GraphicsEnvironment: io.najishab.najibox is not listed in ANGLE allowlist or settings, returning default
07-13 05:25:42.072 28998 28998 V GraphicsEnvironment: App is not on the allowlist for updatable production driver.
07-13 05:25:42.073 28998 28998 D ActivityThread: useGrowthLimitOutExpendMethod invoke error.
07-13 05:25:42.073 28998 29829 I ActivityThread: TrafficStats init done
07-13 05:25:42.075 28998 29829 E ashmem  : Pinning is deprecated since Android Q. Please use trim or other methods.
07-13 05:25:42.076 28998 28998 D ResMonitorStub: The current process type is: third_party_app, process name is: io.najishab.najibox:phoenix
07-13 05:25:42.076 28998 29829 I ForceDarkHelperStubImpl: initialize for io.najishab.najibox , ForceDarkAppConfig: null
07-13 05:25:42.076 28998 28998 I MiuiAppAdaptationStubsControl: Feature Flag of ThirdAppOpt is turned off
07-13 05:25:42.077 28998 29829 D nativeloader: Load libforcedarkimpl.so using system ns (caller=/system_ext/framework/miui-framework.jar): ok
07-13 05:25:42.077 28998 29829 D HWUI    : JNI_OnLoad success
07-13 05:25:42.077 28998 29829 I MiuiForceDarkConfig: setConfig density:3.000000, mainRule:0, secondaryRule:0, tertiaryRule:0
07-13 05:25:42.081 28998 29829 I ActivityThread: Miui Feature Init done
07-13 05:25:42.533 28998 28998 I najibox:phoenix: AssetManager2(0xb400007ab4e350b8) locale list changing from [en] to [en,en-US]
07-13 05:25:42.534 28998 28998 I najibox:phoenix: AssetManager2(0xb400007ab4e350b8) default locale changing from '' to 'en-US'
07-13 05:25:42.534 28998 28998 I najibox:phoenix: AssetManager2(0xb400007ab4e3cdb8) locale list changing from [en] to [en,en-US]
07-13 05:25:42.534 28998 28998 I najibox:phoenix: AssetManager2(0xb400007ab4e3cdb8) default locale changing from '' to 'en-US'
07-13 05:25:42.535 28998 28998 D HWUI    : [HWUI] Flag vulkan_enhance_pipeline_cache enabled
07-13 05:25:42.535 28998 28998 D HWUI    : [HWUI] EnhanceVkPipelineCache is disabled
07-13 05:25:42.535 28998 28998 D HWUI    : [HWUI] Flag ddre enabled
07-13 05:25:42.535 28998 28998 D najibox:phoenix: blurUtils, initBackgroundBlurMinInterval processName(io.najishab.najibox:phoenix), inWhiteLists(0)
07-13 05:25:42.536 28998 29829 I ActivityThread: HardwareRenderer preload  done
07-13 05:25:42.537 28998 29840 I DisplayManager: Choreographer implicitly registered for the refresh rate.
07-13 05:25:42.540 28998 29840 W libc    : Access denied finding property "vendor.migl.debug"
07-13 05:25:42.541 28998 29826 D AppScoutStateMachine: 28998-ScoutStateMachinecreated
07-13 05:25:42.541 28998 29840 I libMiGL : EnableDR: 0
07-13 05:25:42.541 28998 29840 D libMiGL : mDFIInterval: -1
07-13 05:25:42.541 28998 29840 D libMEOW : meow new tls: 0xb400007a84f110f0
07-13 05:25:42.541 28998 29840 D libMEOW : meow reload base cfg path: na
07-13 05:25:42.541 28998 29840 D libMEOW : meow reload overlay cfg path: /data/system/mcd/glt.cfg
07-13 05:25:42.541 28998 29840 W QT      : qt_process_init() called
07-13 05:25:42.541 28998 29840 W QT      : Support!!
07-13 05:25:42.541 28998 29840 D libMEOW : applied 0 plugin for [io.najishab.najibox:phoenix].
07-13 05:25:42.542 28998 28998 V Resources: Updating configuration, with default locale en-US and selected locales [en, en-US]
07-13 05:25:42.542 28998 28998 I najibox:phoenix: AssetManager2(0xb400007ab4e388f8) locale list changing from [] to [en,en-US]
07-13 05:25:42.542 28998 28998 I najibox:phoenix: AssetManager2(0xb400007ab4e388f8) default locale changing from '' to 'en-US'
07-13 05:25:42.548 28998 28998 I Process : Sending signal. PID: 25441 SIG: 9
07-13 05:25:42.548 28998 28998 I libc    : kill: send 9 to pid 25441
07-13 05:25:42.548 28998 28998 I libc    : debug pid reuse, real pid 25441
07-13 05:25:42.561 28998 29840 I libEGL  : shader cache num entries: 36
07-13 05:25:42.561 28998 29840 D HWUI    : [HWUI] Flag vulkan_enhance_pipeline_cache enabled
07-13 05:25:42.561 28998 29840 D HWUI    : [HWUI] EnhanceVkPipelineCache is disabled
07-13 05:25:42.561 28998 29840 D HWUI    : [HWUI] Flag ddre enabled
07-13 05:25:42.561 28998 29840 D SKIA    : [Skia] Flag vulkan_enhance_pipeline_cache enabled
07-13 05:25:42.561 28998 29840 D SKIA    : [Skia] EnhanceVkPipelineCache is false
07-13 05:25:42.561 28998 29840 D HWUI    : MiShaderPrecompile handle io.najishab.najibox:phoenix, isSksl: 0, isAppInPreCacheList: 0, isGpuVersionChanged: 0, isSkslChanged: 0
07-13 05:25:42.573 28998 28998 I najibox:phoenix: System.exit called, status: 0
07-13 05:25:42.573 28998 28998 I AndroidRuntime: VM exiting with result code 0, cleanup skipped.
07-13 05:25:42.653 29423 29423 I ajishab.najibox: Using generational CollectorTypeCMC GC.
07-13 05:25:42.658 29423 29423 D nativeloader: Load libframework-connectivity-tiramisu-jni.so using APEX ns com_android_tethering for caller /apex/com.android.tethering/javalib/framework-connectivity-t.jar: ok
07-13 05:25:42.662 29423 29423 I ActivityThread: Current dynamic renderEngine type=0
07-13 05:25:42.668 29423 29868 D MiuiDownscaleImpl: set override inverted scale : 1.0
07-13 05:25:42.669 29423 29423 I RENDER_TURBO: onActivityThreadCreate not in white list, pkg=io.najishab.najibox, type=duchamp
07-13 05:25:42.670 29423 29868 D AppScoutStateMachine: 29423-ScoutStateMachinecreated
07-13 05:25:42.672 29423 29423 I ajishab.najibox: AssetManager2(0xb400007ab4e350b8) locale list changing from [en-US] to [en]
07-13 05:25:42.673 29423 29423 D ActivityThread: setEmbeddedParam packageName=io.najishab.najibox processName=io.najishab.najibox isEmbedded=false isIsolated=false
07-13 05:25:42.674 29423 29423 D ApplicationLoaders: Returning zygote-cached class loader: /system_ext/framework/androidx.window.extensions.jar
07-13 05:25:42.674 29423 29423 D ApplicationLoaders: Returning zygote-cached class loader: /system_ext/framework/androidx.window.sidecar.jar
07-13 05:25:42.676 29423 29423 D nativeloader: Configuring clns-10 for other apk /data/app/~~4-mr-XR5p2BlXIuvrJDV2A==/io.najishab.najibox-7l9MFSrIrbJaqszy-q9JwA==/base.apk. target_sdk_version=35, uses_libraries=, library_path=/data/app/~~4-mr-XR5p2BlXIuvrJDV2A==/io.najishab.najibox-7l9MFSrIrbJaqszy-q9JwA==/lib/arm64:/data/app/~~4-mr-XR5p2BlXIuvrJDV2A==/io.najishab.najibox-7l9MFSrIrbJaqszy-q9JwA==/base.apk!/lib/arm64-v8a, permitted_path=/data:/mnt/expand:/data/user/0/io.najishab.najibox
07-13 05:25:42.677 29423 29423 D CompatChangeReporter: Compat change id reported: 202956589; UID 10384; state: ENABLED
07-13 05:25:42.678 29423 29423 I ajishab.najibox: AssetManager2(0xb400007ab4e31b98) locale list changing from [] to [en]
07-13 05:25:42.679 29423 29423 E MiuiPreloadClassImpl: invoke error.
07-13 05:25:42.680 29423 29873 D MiuiMonitorThread: Shared singleton Thread for stability monitor start
07-13 05:25:42.680 29423 29423 D HWUI    : [HWUI] Flag vulkan_enhance_pipeline_cache enabled
07-13 05:25:42.680 29423 29423 D HWUI    : [HWUI] EnhanceVkPipelineCache is disabled
07-13 05:25:42.680 29423 29423 D HWUI    : [HWUI] Flag ddre enabled
07-13 05:25:42.680 29423 29423 V GraphicsEnvironment: Currently set values for:
07-13 05:25:42.680 29423 29423 V GraphicsEnvironment:   angle_gl_driver_selection_pkgs=[com.android.angle, com.linecorp.b612.android, com.campmobile.snow, com.google.android.apps.tachyon]
07-13 05:25:42.680 29423 29423 V GraphicsEnvironment:   angle_gl_driver_selection_values=[angle, native, native, native]
07-13 05:25:42.680 29423 29423 V GraphicsEnvironment: io.najishab.najibox is not listed in per-application setting
07-13 05:25:42.680 29423 29423 V GraphicsEnvironment: ANGLE allowlist from config: 
07-13 05:25:42.680 29423 29423 V GraphicsEnvironment: io.najishab.najibox is not listed in ANGLE allowlist or settings, returning default
07-13 05:25:42.680 29423 29423 V GraphicsEnvironment: App is not on the allowlist for updatable production driver.
07-13 05:25:42.681 29423 29423 D ActivityThread: useGrowthLimitOutExpendMethod invoke error.
07-13 05:25:42.681 29423 29873 I ActivityThread: TrafficStats init done
07-13 05:25:42.683 29423 29873 E ashmem  : Pinning is deprecated since Android Q. Please use trim or other methods.
07-13 05:25:42.684 29423 29873 I ForceDarkHelperStubImpl: initialize for io.najishab.najibox , ForceDarkAppConfig: null
07-13 05:25:42.685 29423 29873 D nativeloader: Load libforcedarkimpl.so using system ns (caller=/system_ext/framework/miui-framework.jar): ok
07-13 05:25:42.685 29423 29873 D HWUI    : JNI_OnLoad success
07-13 05:25:42.685 29423 29873 I MiuiForceDarkConfig: setConfig density:3.000000, mainRule:0, secondaryRule:0, tertiaryRule:0
07-13 05:25:42.686 29423 29423 D ResMonitorStub: The current process type is: third_party_app, process name is: io.najishab.najibox
07-13 05:25:42.686 29423 29423 I MiuiAppAdaptationStubsControl: Feature Flag of ThirdAppOpt is turned off
07-13 05:25:42.687 29423 29873 I ActivityThread: Miui Feature Init done
07-13 05:25:42.689 29423 29423 E ajishab.najibox: hiddenapi: Accessing hidden field Ljava/util/Collections$SynchronizedCollection;->mutex:Ljava/lang/Object; (runtime_flags=0, domain=core-platform, api=max-target-o) from Lj$/util/DesugarCollections; (domain=app, TargetSdkVersion=35) using reflection: denied
07-13 05:25:42.689 29423 29423 E ajishab.najibox: hiddenapi: Accessing hidden method Ljava/util/Collections$SynchronizedSet;-><init>(Ljava/util/Set;Ljava/lang/Object;)V (runtime_flags=0, domain=core-platform, api=max-target-o) from Lj$/util/DesugarCollections; (domain=app, TargetSdkVersion=35) using reflection: denied
07-13 05:25:42.689 29423 29423 E ajishab.najibox: hiddenapi: Accessing hidden method Ljava/util/Collections$SynchronizedCollection;-><init>(Ljava/util/Collection;Ljava/lang/Object;)V (runtime_flags=0, domain=core-platform, api=max-target-o) from Lj$/util/DesugarCollections; (domain=app, TargetSdkVersion=35) using reflection: denied
07-13 05:25:42.690 29423 29423 D SessionsDependencies: Dependency to CRASHLYTICS added.
07-13 05:25:42.691 29423 29423 I FirebaseApp: Device unlocked: initializing all Firebase APIs for app [DEFAULT]
07-13 05:25:42.691 29423 29423 I NativeTurboSchedManager: Load libmiui_runtime
07-13 05:25:42.691 29423 29423 E TurboSchedMonitor: failed to find setSchedAffinity method io.najishab.najibox
07-13 05:25:42.691 29423 29423 E TurboSchedMonitor: failed to find setSchedAffinity method io.najishab.najibox
07-13 05:25:42.693 29423 29423 I FirebaseCrashlytics: Initializing Firebase Crashlytics 19.4.4 for io.najishab.najibox
07-13 05:25:42.694 29423 29423 E TurboSchedMonitor: failed to find setSchedAffinity method io.najishab.najibox
07-13 05:25:42.694 29423 29423 E TurboSchedMonitor: failed to find setSchedAffinity method io.najishab.najibox
07-13 05:25:42.696 29423 29423 D SessionsDependencies: Subscriber CRASHLYTICS registered.
07-13 05:25:42.701 29423 29881 I DynamiteModule: Considering local module com.google.android.gms.measurement.dynamite:152 and remote module com.google.android.gms.measurement.dynamite:199
07-13 05:25:42.701 29423 29881 I DynamiteModule: Selected remote version of com.google.android.gms.measurement.dynamite, version >= 199
07-13 05:25:42.701 29423 29881 V DynamiteModule: Dynamite loader version >= 2, using loadModule2NoCrashUtils
07-13 05:25:42.703 29423 29423 D FirebaseSessions: Initializing Firebase Sessions SDK.
07-13 05:25:42.704 29423 29423 I FirebaseInitProvider: FirebaseApp initialization successful
07-13 05:25:42.705 29423 29881 W System  : ClassLoader referenced unknown path: 
07-13 05:25:42.706 29423 29889 I FirebaseCrashlytics: Saved version control info
07-13 05:25:42.706 29423 29881 D nativeloader: Configuring clns-11 for other apk . target_sdk_version=37, uses_libraries=, library_path=/data/app/~~eV0t9eM_91PLxkav0wwdAA==/com.google.android.gms-TzD8xX53P3zMY0j_XYNqAA==/lib/arm64:/data/app/~~eV0t9eM_91PLxkav0wwdAA==/com.google.android.gms-TzD8xX53P3zMY0j_XYNqAA==/base.apk!/lib/arm64-v8a, permitted_path=/data:/mnt/expand:/data/user/0/com.google.android.gms
07-13 05:25:42.708 29423 29881 V Resources: Updating configuration, with default locale en-US and selected locales [en, en-US]
07-13 05:25:42.708 29423 29881 I ajishab.najibox: AssetManager2(0xb400007ab4e3c138) locale list changing from [] to [en,en-US]
07-13 05:25:42.708 29423 29881 I ajishab.najibox: AssetManager2(0xb400007ab4e3c138) default locale changing from '' to 'en-US'
07-13 05:25:42.709 29423 29423 D nativeloader: Load /data/app/~~4-mr-XR5p2BlXIuvrJDV2A==/io.najishab.najibox-7l9MFSrIrbJaqszy-q9JwA==/lib/arm64/libgojni.so using class loader ns clns-10 (caller=/data/app/~~4-mr-XR5p2BlXIuvrJDV2A==/io.najishab.najibox-7l9MFSrIrbJaqszy-q9JwA==/base.apk): ok
07-13 05:25:42.710 29423 29893 D LifecycleServiceBinder: Binding service to application.
07-13 05:25:42.713 29423 29881 V Resources: Updating configuration, with default locale en-US and selected locales [en, en-US]
07-13 05:25:42.713 29423 29881 I ajishab.najibox: AssetManager2(0xb400007ab4e2f2f8) locale list changing from [] to [en,en-US]
07-13 05:25:42.713 29423 29881 I ajishab.najibox: AssetManager2(0xb400007ab4e2f2f8) default locale changing from '' to 'en-US'
07-13 05:25:42.714 29423 29881 V Resources: Updating configuration, with default locale en-US and selected locales [en, en-US]
07-13 05:25:42.714 29423 29881 I ajishab.najibox: AssetManager2(0xb400007ab4e2e998) locale list changing from [] to [en,en-US]
07-13 05:25:42.714 29423 29881 I ajishab.najibox: AssetManager2(0xb400007ab4e2e998) default locale changing from '' to 'en-US'
07-13 05:25:42.730 29423 29908 E ajishab.najibox: No package ID 6a found for resource ID 0x6a0b0013.
07-13 05:25:42.730 29423 29908 I FA      : App measurement initialized, version: 175000
07-13 05:25:42.730 29423 29908 I FA      : To enable debug logging run: adb shell setprop log.tag.FA VERBOSE
07-13 05:25:42.730 29423 29908 I FA      : To enable faster debug mode event logging run:
07-13 05:25:42.730 29423 29908 I FA      :   adb shell setprop debug.firebase.analytics.app io.najishab.najibox
07-13 05:25:42.732 29423 29423 I ajishab.najibox: AssetManager2(0xb400007ab4e350b8) locale list changing from [en] to [en,en-US]
07-13 05:25:42.733 29423 29423 I ajishab.najibox: AssetManager2(0xb400007ab4e350b8) default locale changing from '' to 'en-US'
07-13 05:25:42.733 29423 29423 I ajishab.najibox: AssetManager2(0xb400007ab4e31b98) locale list changing from [en] to [en,en-US]
07-13 05:25:42.733 29423 29423 I ajishab.najibox: AssetManager2(0xb400007ab4e31b98) default locale changing from '' to 'en-US'
07-13 05:25:42.733 29423 29423 D HWUI    : [HWUI] Flag vulkan_enhance_pipeline_cache enabled
07-13 05:25:42.733 29423 29423 D HWUI    : [HWUI] EnhanceVkPipelineCache is disabled
07-13 05:25:42.733 29423 29423 D HWUI    : [HWUI] Flag ddre enabled
07-13 05:25:42.733 29423 29423 D ajishab.najibox: blurUtils, initBackgroundBlurMinInterval processName(io.najishab.najibox), inWhiteLists(0)
07-13 05:25:42.733 29423 29873 I ActivityThread: HardwareRenderer preload  done
07-13 05:25:42.735 29423 29913 I DisplayManager: Choreographer implicitly registered for the refresh rate.
07-13 05:25:42.736 29423 29913 W libc    : Access denied finding property "vendor.migl.debug"
07-13 05:25:42.737 29423 29913 I libMiGL : EnableDR: 0
07-13 05:25:42.737 29423 29913 D libMiGL : mDFIInterval: -1
07-13 05:25:42.737 29423 29913 D libMEOW : meow new tls: 0xb400007a84f81160
07-13 05:25:42.737 29423 29913 D libMEOW : meow reload base cfg path: na
07-13 05:25:42.737 29423 29913 D libMEOW : meow reload overlay cfg path: /data/system/mcd/glt.cfg
07-13 05:25:42.737 29423 29913 W QT      : qt_process_init() called
07-13 05:25:42.737 29423 29913 W QT      : Support!!
07-13 05:25:42.737 29423 29913 D libMEOW : applied 0 plugin for [io.najishab.najibox].
07-13 05:25:42.746 29423 29423 V Resources: Updating configuration, with default locale en-US and selected locales [en, en-US]
07-13 05:25:42.746 29423 29423 I ajishab.najibox: AssetManager2(0xb400007ab4e3b4b8) locale list changing from [] to [en,en-US]
07-13 05:25:42.747 29423 29423 I ajishab.najibox: AssetManager2(0xb400007ab4e3b4b8) default locale changing from '' to 'en-US'
07-13 05:25:42.748 29423 29423 D AppCompatDelegate: Checking for metadata for AppLocalesMetadataHolderService : Service not found
07-13 05:25:42.749 29423 29423 V Resources: Updating configuration, with default locale en-US and selected locales [en, en-US]
07-13 05:25:42.749 29423 29423 I ajishab.najibox: AssetManager2(0xb400007ab4e40f58) locale list changing from [] to [en,en-US]
07-13 05:25:42.749 29423 29423 I ajishab.najibox: AssetManager2(0xb400007ab4e40f58) default locale changing from '' to 'en-US'
07-13 05:25:42.749 29423 29423 V Resources: Updating configuration, with default locale en-US and selected locales [en, en-US]
07-13 05:25:42.749 29423 29423 I ajishab.najibox: AssetManager2(0xb400007ab4e3dd58) locale list changing from [] to [en,en-US]
07-13 05:25:42.750 29423 29423 I ajishab.najibox: AssetManager2(0xb400007ab4e3dd58) default locale changing from '' to 'en-US'
07-13 05:25:42.752 29423 29913 I libEGL  : shader cache num entries: 36
07-13 05:25:42.752 29423 29913 D HWUI    : [HWUI] Flag vulkan_enhance_pipeline_cache enabled
07-13 05:25:42.752 29423 29913 D HWUI    : [HWUI] EnhanceVkPipelineCache is disabled
07-13 05:25:42.752 29423 29913 D HWUI    : [HWUI] Flag ddre enabled
07-13 05:25:42.753 29423 29913 D SKIA    : [Skia] Flag vulkan_enhance_pipeline_cache enabled
07-13 05:25:42.753 29423 29913 D SKIA    : [Skia] EnhanceVkPipelineCache is false
07-13 05:25:42.753 29423 29913 D HWUI    : MiShaderPrecompile handle io.najishab.najibox, isSksl: 0, isAppInPreCacheList: 0, isGpuVersionChanged: 0, isSkslChanged: 0
07-13 05:25:42.754 29423 29423 D CompatChangeReporter: Compat change id reported: 279646685; UID 10384; state: ENABLED


duping 170 to 171duping 170 to 173duping 150 to 151duping 150 to 169duping 147 to 148duping 147 to 150duping 147 to 148duping 147 to 151duping 147 to 148duping 147 to 150duping 169 to 170duping 169 to 172duping 152 to 156duping 152 to 158duping 162 to 163duping 162 to 165duping 166 to 167duping 166 to 170duping 147 to 148duping 147 to 152duping 168 to 169duping 168 to 171duping 163 to 164duping 163 to 169